pc,count
0x800000,1
0x800004,1
0x800008,1
0x80000c,1
0x800010,1
0x800014,1
0x800018,1
0x80001c,1
0x800020,1
0x800024,1
0x800028,1
0x80002c,1
0x800030,1
0x800034,1
0x800038,1
0x80003c,1
0x800040,1
0x800044,1
0x800048,1
0x80004c,1
0x800050,1
0x800054,1
0x800058,1
0x80005c,1
0x800060,1
0x800064,1
0x800068,1
0x80006c,1
0x800070,1
0x800074,1
0x800078,1
0x80007c,1
0x800080,1
0x800084,1
0x800088,1
0x80008c,1
0x800090,1
0x800094,1
0x800098,1
0x80009c,1
0x8000a0,1
0x8000a4,1
0x8000a8,1
0x8000ac,1
0x8000b0,1
0x8000b4,1
0x8000b8,1
0x8000bc,1
0x8000c0,1
0x8000c4,1
0x8000c8,1
0x8000cc,1
0x8000d0,1
0x8000d4,1
0x8000d8,1
0x8000dc,1
0x8000e0,1
0x8000e4,1
0x8000e8,1
0x8000ec,1
0x8000f0,1
0x8000f4,1
0x8000f8,1
0x8000fc,1
0x800100,1
0x800104,1
0x800108,1
0x80010c,1
0x800110,1
0x800114,1
0x800118,1
0x80011c,1
0x800120,1
0x800124,1
0x800128,1
0x80012c,1
0x800130,1
0x800134,1
0x800138,1
0x80013c,1
0x800140,1
0x800144,1
0x800148,1
0x80014c,1
0x800150,1
0x800154,1
0x800158,1
0x80015c,1
0x800160,1
0x800164,1
0x800168,1
0x80016c,1
0x800170,1
0x800174,1
0x800178,1
0x80017c,1
0x800180,1
0x800184,1
0x800188,1
0x80018c,1
0x800190,1
0x800194,1
0x800198,1
0x80019c,1
0x8001a0,1
0x8001a4,1
0x8001a8,1
0x8001ac,1
0x8001b0,1
0x8001b4,1
0x8001b8,1
0x8001bc,1
0x8001c0,1
0x8001c4,1
0x8001c8,1
0x8001cc,1
0x8001d0,1
0x8001d4,1
0x8001d8,1
0x8001dc,1
0x8001e0,1
0x8001e4,1
0x8001e8,1
0x8001ec,1
0x8001f0,1
0x8001f4,1
0x8001f8,1
0x8001fc,1
0x800200,1
0x800204,1
0x800208,1
0x80020c,1
0x800210,1
0x800214,1
0x800218,1
0x80021c,1
0x800220,1
0x800224,1
0x800228,1
0x80022c,1
0x800230,1
0x800234,1
0x800238,1
0x80023c,1
0x800240,1
0x800244,1
0x800248,1
0x80024c,1
0x800250,1
0x800254,1
0x800258,1
0x80025c,1
0x800260,1
0x800264,1
0x800268,1
0x80026c,1
0x800270,1
0x800274,1
0x800278,1
0x80027c,1
0x800280,1
0x800284,1
0x800288,1
0x80028c,1
0x800290,1
0x800294,1
0x800298,1
0x80029c,1
0x8002a0,1
0x8002a4,1
0x8002a8,5
0x8002ac,5
0x8002b0,5
0x8002b4,5
0x8002b8,2
0x8002bc,2
0x8002c0,2
0x8002c4,2
0x8002c8,25
0x8002cc,25
0x8002d0,25
0x8002d4,25
0x8002d8,25
0x8002dc,25
0x8002e0,25
0x8002e4,25
0x8002e8,25
0x8002ec,2
0x8002f0,2
0x8002f4,3
0x8002f8,3
0x8002fc,3
0x800300,5
0x800304,5
0x800308,5
0x80030c,5
0x800310,5
0x800314,5
0x800318,5
0x80031c,5
0x800320,5
0x800324,5
0x800328,5
0x80032c,5
0x800330,1
0x800334,1
0x800338,1
0x80033c,1
0x800340,1
0x800344,1
0x800348,1
0x80034c,1
0x800350,1
0x800354,262144
0x800358,262144
0x80035c,262144
0x800360,262144
0x800364,262144
0x800368,262144
0x80036c,1
0x800370,1
0x800374,1
0x800378,1
0x80037c,1
0x800380,1
0x800384,1
0x800388,1
0x80038c,1
0x800390,1
0x800394,1
0x800398,4
0x80039c,4
0x8003a0,4
0x8003a4,4
0x8003a8,4
0x8003ac,4
0x8003b0,4
0x8003b4,4
0x8003b8,3
0x8003bc,3
0x8003c0,3
0x8003c4,1
0x8003c8,1
0x8003cc,1
0x8003d0,1
0x8003d4,1
0x8003dc,1
0x8003e0,1
0x8003e4,1
0x8003e8,1
0x8003ec,1
0x8003f0,1
0x8003f4,1
0x8003f8,4
0x8003fc,4
0x800400,4
0x800404,4
0x800408,4
0x80040c,4
0x800410,4
0x800414,4
0x800418,4
0x80041c,4
0x800424,4
0x800460,3
0x800464,3
0x800468,4
0x80046c,4
0x800470,4
0x800474,4
0x800478,4
0x80047c,4
0x800480,4
0x800484,4
0x800488,4
0x80048c,4
0x800490,4
0x800494,4
0x800498,3
0x80049c,3
0x8004a0,1
0x8004a4,1
0x800594,2701
0x800598,2701
0x80059c,2701
0x8005a0,2701
0x8005a4,2701
0x8005a8,2701
0x8005ac,2701
0x8005b0,2701
0x8005b4,2701
0x8005b8,2701
0x8005bc,2701
0x8005c0,2701
0x8005c4,2701
0x8005c8,2701
0x8005cc,2701
0x8005d0,2701
0x8005d4,2701
0x8005d8,2701
0x8005dc,2701
0x8005e0,2701
0x8005e4,2701
0x8005e8,2701
0x8005ec,2701
0x8005f0,2701
0x8005f4,2701
0x8005f8,2701
0x8005fc,2701
0x800600,2701
0x800604,2701
0x80083c,1
0x800840,1
0x800864,4
0x800868,4
0x80086c,4
0x800870,4
0x800874,4
0x800878,4
0x80087c,4
0x800880,4
0x800884,4
0x800888,4
0x80088c,4
0x800890,4
0x800894,4
0x800898,4
0x80089c,4
0x8008a0,4
0x800970,5184
0x800974,5184
0x800978,5184
0x80097c,5184
0x800980,5184
0x800984,5184
0x800988,5184
0x80098c,5184
0x800990,5184
0x800994,5184
0x800998,5184
0x80099c,5184
0x8009a0,5184
0x8009a4,5184
0x8009a8,5184
0x8009ac,5184
0x8009b0,5184
0x8009b4,5184
0x8009b8,5184
0x8009bc,5184
0x8009c0,5184
0x8009c4,5184
0x8009c8,5184
0x8009cc,1547
0x8009d0,1547
0x8009d4,1547
0x8009d8,1547
0x8009dc,1547
0x8009e0,1547
0x8009e4,1547
0x8009e8,1547
0x8009ec,1547
0x8009f0,1547
0x8009f4,1547
0x8009f8,1547
0x8009fc,1547
0x800a00,1547
0x800a04,1547
0x800a08,1547
0x800a0c,1547
0x800a10,1547
0x800a14,1547
0x800a18,1547
0x800a1c,1547
0x800a20,1547
0x800a24,1547
0x800a28,1547
0x800a2c,1547
0x800a30,1547
0x800a34,1547
0x800a38,1547
0x800a3c,1547
0x800a40,1547
0x800a44,1547
0x800a48,1547
0x800a4c,1547
0x800a50,1547
0x800a54,1547
0x800a58,1547
0x800a5c,1547
0x800a60,1547
0x800a64,1547
0x800a68,1547
0x800a6c,1547
0x800a70,1547
0x800a74,1547
0x800a78,8875
0x800a7c,8875
0x800a80,8875
0x800a84,25168
0x800a88,25168
0x800a8c,25168
0x800a90,25168
0x800a94,25168
0x800a98,25168
0x800a9c,25168
0x800aa0,25168
0x800aa4,25168
0x800aa8,25168
0x800aac,3
0x800ab0,3
0x800ab4,3
0x800ab8,3
0x800abc,3
0x800ac0,3
0x800ac4,3
0x800ac8,3
0x800acc,3
0x800ad0,3
0x800ad4,3
0x800ad8,3
0x800adc,3
0x800ae0,3
0x800ae4,3
0x800ae8,3
0x800aec,3
0x800af0,3
0x800af4,3
0x800af8,3
0x800afc,3
0x800b00,3
0x800b04,3
0x800b08,3
0x800b0c,3
0x800b10,3
0x800b14,3
0x800b18,3
0x800b1c,3
0x800b20,25165
0x800b24,25168
0x800b28,25168
0x800b2c,25168
0x800b30,25168
0x800b34,25168
0x800b38,25168
0x800b3c,25168
0x800b40,25168
0x800b44,25168
0x800b48,25168
0x800b4c,25168
0x800b50,25168
0x800b54,25168
0x800b58,25168
0x800b5c,25168
0x800b60,25168
0x800b64,25168
0x800b68,25168
0x800b6c,25168
0x800b70,25168
0x800b74,25168
0x800b78,25168
0x800b7c,910324
0x800b80,910324
0x800b84,910324
0x800b88,910324
0x800b8c,901449
0x800b90,901449
0x800b94,901449
0x800b98,901449
0x800b9c,901449
0x800ba0,901449
0x800ba4,16293
0x800ba8,16293
0x800bac,16293
0x800bb0,16293
0x800bb4,16293
0x800bb8,8875
0x800bbc,8875
0x800bc0,25168
0x800bc4,25168
0x800bc8,25168
0x800bcc,16293
0x800bd0,16293
0x800bd4,16293
0x800bd8,16293
0x800bdc,16293
0x800be0,16293
0x800be4,16293
0x800be8,16293
0x800bec,16293
0x800bf0,16293
0x800bf4,16293
0x800bf8,16293
0x800bfc,16293
0x800c00,16293
0x800c04,16293
0x800c08,16293
0x800c0c,8875
0x800c10,8875
0x800c14,8875
0x800c18,8875
0x800c1c,8875
0x800c20,8875
0x800c24,8875
0x800c28,8875
0x800c2c,8875
0x800c30,5184
0x800c34,5184
0x800c38,3637
0x800c3c,3637
0x800c40,3637
0x800c44,3637
0x800c48,3637
0x800c4c,3637
0x800c50,2701
0x800c54,2701
0x800c58,2701
0x800c5c,2701
0x800c60,2701
0x800c64,2701
0x800c68,2701
0x800c6c,2701
0x800c70,2701
0x800c74,2701
0x800c78,2701
0x800c7c,2701
0x800c84,5184
0x800c88,5184
0x800c8c,5184
0x800c90,5184
0x800c94,5184
0x800c98,5184
0x800c9c,5184
0x800ca0,5184
0x800ca4,5184
0x800ca8,5184
0x800cac,5184
0x800cb0,5184
0x800cb4,5184
0x800cb8,5184
0x800cbc,5184
0x800cc0,5184
0x800cc4,5184
0x800d0c,5182
0x800d10,5182
0x800d14,5182
0x800d18,5182
0x800d1c,5182
0x800d20,5182
0x800d24,5182
0x800d28,5182
0x800d2c,5182
0x800d30,5182
0x800d34,5182
0x800d38,5182
0x800d3c,5182
0x800d40,5182
0x800d44,5182
0x800d48,5182
0x800d4c,5182
0x800d50,5182
0x800d54,5182
0x800d58,5182
0x800d5c,5182
0x800d60,5182
0x800d64,5182
0x800d70,5182
0x800d74,5182
0x800d78,5182
0x800d7c,5182
0x800d80,5182
0x800d84,5182
0x800d88,5182
0x800d8c,5182
0x800d90,5182
0x800d94,5182
0x800d98,5182
0x800d9c,5182
0x800da0,5182
0x800da4,5182
0x800da8,5182
0x800dac,5182
0x800db0,5182
0x800db4,5182
0x800db8,5182
0x800dc4,5182
0x800dc8,5182
0x800dcc,5182
0x800dd0,5182
0x800dd4,5182
0x800dd8,5182
0x800ddc,5182
0x800de0,5182
0x800de4,5182
0x800de8,5182
0x800dec,5182
0x800df0,5182
0x800df4,5182
0x800df8,5182
0x800dfc,5182
0x800e00,5182
0x800e04,5182
0x800e08,5182
0x800e0c,5182
0x800e10,5182
0x800e14,5182
0x800e18,5182
0x800e1c,5182
0x800e20,5182
0x800e24,5182
0x800e30,5182
0x800e34,5182
0x800e38,5182
0x800e3c,5182
0x800e40,5182
0x800e44,5182
0x800e48,5182
0x800e54,5182
0x800e58,5182
0x800e5c,5182
0x800e60,5182
0x800e64,5182
0x800e68,5182
0x800e6c,5182
0x800e70,5182
0x800e74,5182
0x800e78,5182
0x800e7c,5182
0x800e80,5182
0x800e84,5182
0x800e88,5182
0x800e8c,5182
0x800e90,5182
0x800e94,5182
0x800e98,5182
0x800e9c,5182
0x800ea0,5182
0x800ea4,5182
0x800ea8,5182
0x800eac,5182
0x800eb0,5182
0x800eb4,5182
0x800eb8,5182
0x800ebc,5182
0x800ec0,5182
0x800ec4,5182
0x800ec8,5182
0x800ecc,5182
0x800ed0,5182
0x800ed4,5182
0x800ed8,5182
0x800edc,5182
0x800ee0,3037
0x800ee4,3037
0x800ee8,3037
0x800eec,3037
0x800ef0,3037
0x800ef4,3037
0x800ef8,3037
0x800efc,2145
0x800f00,1824
0x800f04,1824
0x800f08,321
0x800f0c,321
0x800f10,11
0x800f14,11
0x800f18,11
0x800f1c,11
0x800f20,11
0x800f24,11
0x800f28,11
0x800f2c,2134
0x800f30,2134
0x800f34,2134
0x800f38,2145
0x800f3c,2145
0x800f40,2145
0x800f44,5182
0x800f48,5182
0x800f4c,5182
0x800f50,5182
0x800f54,5182
0x800f58,5182
0x800f5c,5182
0x800f60,5182
0x800f64,5182
0x800f68,5182
0x800f6c,5182
0x800f70,5182
0x800f74,5182
0x800f88,5182
0x800f8c,5182
0x800f90,5182
0x800f94,5182
0x800f98,5182
0x800f9c,5182
0x800fa8,5182
0x800fac,5182
0x800fb0,5182
0x800fb4,5182
0x800fb8,5182
0x800fbc,5182
0x800fc0,5182
0x800fc4,5182
0x800fc8,5182
0x800fcc,5182
0x800fd0,5182
0x800fd4,5182
0x800fd8,5182
0x800fdc,5182
0x800fe0,5182
0x800fe4,5182
0x800fe8,5182
0x800fec,5182
0x800ff0,5182
0x800ff4,5182
0x800ff8,204663
0x800ffc,204663
0x801000,204663
0x801004,204663
0x801008,204663
0x80100c,204663
0x801010,5182
0x801014,5182
0x801018,5182
0x801024,4
0x801028,4
0x80102c,4
0x801030,4
0x801034,4
0x801038,4
0x80103c,4
0x801040,4
0x801044,4
0x801048,4
0x80104c,4
0x801050,4
0x801054,4
0x801058,4
0x80105c,4
0x801060,4
0x801064,4
0x801068,4
0x80106c,4
0x801070,4
0x801074,4
0x801078,4
0x80107c,4
0x801080,4
0x801084,4
0x801088,4
0x80108c,4
0x801090,4
0x801094,4
0x801098,4
0x80109c,4
0x8010a0,4
0x8010a4,4
0x8010a8,4
0x8010ac,4
0x8010b0,4
0x8010b4,4
0x8010b8,4
0x8010bc,4
0x8010c0,4
0x8010c4,4
0x8010c8,4
0x8010cc,4
0x8010d0,4
0x8010d4,4
0x8010d8,4
0x8010dc,4
0x8010e0,4
0x8010e4,2
0x8010e8,2
0x8010ec,2
0x8010f0,2
0x8010f4,2
0x8010f8,2
0x8010fc,2
0x801100,1
0x801104,1
0x801108,1
0x80110c,1
0x801110,1
0x801114,1
0x801118,1
0x80111c,1
0x801120,1
0x801124,1
0x801128,1
0x80112c,1
0x801130,1
0x801134,1
0x801138,1
0x80113c,1
0x801140,1
0x801144,1
0x801148,1
0x80114c,1
0x801150,1
0x801154,1
0x801180,1
0x801184,1
0x801188,1
0x80118c,1
0x801190,1
0x801194,1
0x801198,1
0x80119c,1
0x8011a0,1
0x801214,1
0x801218,1
0x80121c,1
0x801220,1
0x801224,1
0x801228,1
0x80122c,1
0x801230,1
0x801234,1
0x801238,1
0x80123c,1
0x801240,1
0x801244,1
0x801248,1
0x80128c,1
0x801290,1
0x801294,1
0x801298,1
0x8012c8,1
0x8012cc,1
0x8012dc,1
0x8012e0,1
0x8012e4,1
0x8012e8,1
0x8012ec,1
0x8012f0,1
0x8012f4,1
0x8012f8,1
0x8012fc,1
0x801300,1
0x801304,1
0x801308,1
0x80130c,1
0x801310,1
0x801314,1
0x801318,4
0x80131c,4
0x801320,4
0x801324,4
0x801328,4
0x80132c,4
0x801330,4
0x801334,1
0x801338,1
0x80133c,1
0x801340,1
0x801344,1
0x801348,1
0x80134c,1
0x801350,1
0x801354,1
0x801358,1
0x80135c,1
0x801360,1
0x801364,1
0x801368,1
0x80136c,1
0x801370,1
0x801374,1
0x801378,1
0x80137c,1
0x801380,1
0x801384,1
0x801388,1
0x80138c,1
0x801390,1
0x801394,1
0x801398,1
0x80139c,1
0x8013a0,1
0x8013a4,1
0x8013a8,1
0x8013ac,1
0x8013b0,1
0x8013d8,1
0x8013dc,1
0x8013e0,1
0x8013e4,1
0x8013e8,1
0x8013ec,1
0x8013f0,1
0x8013f4,1
0x8013f8,1
0x8013fc,1
0x801400,1
0x801404,1
0x801410,1
0x801414,1
0x801418,1
0x80141c,1
0x80146c,1
0x801470,1
0x801474,1
0x801478,1
0x80147c,1
0x801480,1
0x801484,1
0x801488,1
0x80148c,1
0x801490,1
0x801494,1
0x801498,1
0x80149c,1
0x8014a0,1
0x8014a4,1
0x8014a8,1
0x8014ac,1
0x8014b0,1
0x8014b4,1
0x8014b8,1
0x8014bc,1
0x8014c0,1
0x8014c4,1
0x8014c8,1
0x8014cc,1
0x8014d0,1
0x8014d4,1
0x8014d8,1
0x8014dc,1
0x8014e0,1
0x8014e4,1
0x8014e8,1
0x8014ec,1
0x8014f0,1
0x8014f4,1
0x8014f8,1
0x8014fc,1
0x801500,1
0x801504,1
0x801508,1
0x80150c,1
0x801510,1
0x801514,1
0x801518,1
0x80151c,1
0x801520,1
0x801524,1
0x801528,1
0x80152c,1
0x801530,1
0x801534,1
0x801538,3
0x80153c,3
0x801540,3
0x801544,3
0x801548,3
0x80154c,3
0x801550,3
0x801554,3
0x801558,3
0x80155c,3
0x801560,3
0x801564,3
0x801568,3
0x80156c,3
0x801570,3
0x801574,3
0x801578,3
0x80157c,3
0x801580,3
0x801584,3
0x801588,3
0x80158c,3
0x801590,3
0x8015f0,3
0x80163c,3
0x801640,3
0x801644,3
0x801648,3
0x80164c,3
0x801650,3
0x801654,3
0x801658,3
0x80165c,3
0x801660,3
0x8017b8,3
0x8017bc,3
0x8017c0,3
0x8017c4,3
0x8017c8,3
0x8017cc,3
0x8017d0,3
0x8017d4,3
0x8017d8,3
0x8017dc,3
0x8017e0,3
0x8017e4,3
0x8017e8,3
0x8017ec,3
0x8017f0,3
0x8017f4,3
0x8017f8,3
0x8017fc,3
0x801800,2
0x801804,2
0x801808,2
0x80180c,2
0x801810,2
0x801814,2
0x801818,2
0x80181c,2
0x8018b0,3
0x8018b4,3
0x8018c0,3
0x8018c4,3
0x8018c8,3
0x8018cc,3
0x8018d0,3
0x8018d4,1
0x8018d8,1
0x8018e0,1
0x8018e4,1
0x8018e8,1
0x8018ec,1
0x8018f0,1
0x8018f4,1
0x8018f8,1
0x8018fc,1
0x801900,1
0x801904,1
0x801908,1
0x801998,2
0x80199c,2
0x8019a4,2
0x8019a8,2
0x8019ac,2
0x8019b4,1
0x8019b8,1
0x8019bc,1
0x8019c0,1
0x8019c4,1
0x8019c8,1
0x8019cc,1
0x8019d0,1
0x8019d4,1
0x8019d8,1
0x8019dc,1
0x8019e0,1
0x8019e4,1
0x8019e8,1
0x8019ec,1
0x8019f0,1
0x8019f4,1
0x8019f8,1
0x8019fc,1
0x801a00,1
0x801a04,1
0x801a08,1
0x801a0c,1
0x801b94,2
0x801b98,2
0x801b9c,2
0x801ba0,2
0x801ba4,2
0x801ba8,2
0x801bac,2
0x801bb0,2
0x801bb4,2
0x801bb8,2
0x801bbc,2
0x801bc0,2
0x801bc4,2
0x801bc8,2
0x801bcc,2
0x801bd0,2
0x801bd4,2
0x801bd8,2
0x801bdc,2
0x801be0,2
0x801be4,2
0x801be8,2
0x801bec,2
0x801bf0,2
0x801bf4,2
0x801bf8,2
0x801bfc,2
0x801c00,2
0x801c04,2
0x801c08,2
0x801c0c,2
0x801c10,2
0x801c14,2
0x801c18,2
0x801c1c,2
0x801c20,2
0x801c24,2
0x801c28,1
0x801c2c,1
0x801c30,1
0x801c34,1
0x801c38,1
0x801c3c,1
0x801c40,1
0x801c44,1
0x801c48,1
0x801c68,4
0x801c6c,4
0x801c70,4
0x801c74,4
0x801c78,4
0x801c7c,4
0x801c80,4
0x801c84,4
0x801c88,4
0x801c8c,4
0x801c90,4
0x801c94,4
0x801c98,4
0x801c9c,4
0x801ca0,4
0x801ca4,4
0x801ca8,4
0x801cac,4
0x801cb0,1
0x801cb4,1
0x801cb8,1
0x801cbc,1
0x801d7c,1
0x801d80,1
0x801d84,1
0x801d88,1
0x801d8c,1
0x801d90,1
0x801d94,1
0x801d98,1
0x802a34,1
0x802a38,1
0x802a3c,1
0x802a40,1
0x802a44,1
0x802a48,1
0x802a4c,1
0x802a50,1
0x802a54,1
0x802a58,1
0x802a5c,1
0x802a60,3
0x802a64,3
0x802a68,3
0x802a6c,3
0x802a84,1
0x802a88,1
0x802a8c,1
0x802a90,1
0x802a94,1
0x802a98,1
0x802a9c,1
0x802aa0,1
0x802aa8,1
0x802aac,1
0x802ab0,1
0x802ab4,1
0x802ab8,1
0x802abc,1
0x802ac0,1
0x802ac4,1
0x802ac8,1
0x802acc,1
0x802ad0,1
0x802ad4,1
0x802ad8,1
0x802adc,1
0x802ae0,1
0x802ae4,1
0x802ae8,1
0x802aec,3
0x802af0,3
0x802af4,3
0x802af8,3
0x802afc,3
0x802b00,3
0x802b04,3
0x802b08,3
0x802b0c,3
0x802b10,3
0x802b14,3
0x802b18,3
0x802b1c,3
0x802b20,3
0x802b24,3
0x802b28,3
0x802b2c,1
0x802b30,1
0x802b34,1
0x802b38,1
0x802b40,1
0x802b44,1
0x802b48,1
0x802b4c,1
0x802b50,1
0x802b54,1
0x802b58,1
0x802b5c,1
0x802b60,1
0x802b64,1
0x802b68,1
0x802b6c,1
0x802b74,1
0x802b78,1
0x802b7c,1
0x802b80,1
0x802b84,1
0x802b88,1
0x802bf0,2
0x802bf4,2
0x802bf8,2
0x802bfc,2
0x802c00,2
0x802c04,2
0x802c0c,2
0x802c10,2
0x802c14,2
0x802c18,2
0x802c1c,2
0x802c20,2
0x802c24,2
0x802c28,2
0x802c2c,2
0x802c30,2
0x802c34,2
0x802c38,2
0x802c3c,2
0x802c40,2
0x802c44,2
0x802c4c,2
0x802c50,2
0x802c54,2
0x802c58,2
0x802c5c,2
0x802c60,2
0x802c64,2
0x802c68,2
0x802c6c,2
0x802c70,2
0x802c74,2
0x802c78,2
0x802cf0,3
0x802cf4,3
0x802cf8,3
0x802cfc,3
0x802d00,3
0x802d04,3
0x802d08,3
0x802d0c,3
0x802d10,3
0x802d18,3
0x802d1c,3
0x802d20,3
0x802d28,3
0x802d2c,3
0x802d30,3
0x802d34,3
0x802d38,3
0x802d3c,3
0x802d40,3
0x802d44,3
0x802d4c,3
0x802d50,3
0x802d54,3
0x802d58,3
0x802d5c,3
0x802d60,3
0x802d64,3
0x802d68,3
0x802df0,3
0x802df4,3
0x802df8,3
0x802e7c,1
0x802e80,1
0x802e84,1
0x802e88,1
0x802e8c,1
0x802e90,1
0x802e94,1
0x802e98,1
0x802e9c,1
0x802ea0,1
0x802ea4,1
0x802ea8,1
0x802eac,1
0x802eb0,1
0x802eb4,1
0x802eb8,1
0x802ebc,1
0x802ec0,1
0x802ec4,1
0x802ec8,1
0x802ecc,1
0x802ed0,1
0x802ed4,1
0x802ed8,1
0x802edc,1
0x802ee0,1
0x802ee4,1
0x802ee8,1
0x802eec,1
0x802ef0,1
0x802ef4,1
0x802ef8,1
0x802efc,1
0x802f00,1
0x802f04,1
0x802f08,1
0x802f0c,1
0x802f10,1
0x802f14,1
0x802f18,1
0x802f1c,1
0x802f20,1
0x802f24,1
0x802f28,1
0x802f2c,1
0x802f30,1
0x802f34,1
0x802f38,1
0x802f3c,1
0x802f40,1
0x802f44,1
0x802f48,1
0x802f4c,1
0x802f50,1
0x802f54,1
0x802f58,1
0x802f5c,1
0x802f60,1
0x802f64,1
0x802f68,1
0x802f6c,1
0x802f70,1
0x802f74,1
0x802f78,1
0x802f7c,1
0x802f80,1
0x802f84,1
0x802f88,1
0x802f8c,1
0x802f90,1
0x802f94,1
0x802f98,1
0x802fa0,1
0x802fa4,1
0x802fa8,1
0x802fac,1
0x802fb0,1
0x802fb4,1
0x802fb8,1
0x802fbc,1
0x802fc0,1
0x802fc4,1
0x802fc8,1
0x802fcc,1
0x802fd0,1
0x802fd4,1
0x802fd8,1
0x802fdc,1
0x802fe0,1
0x802fe4,1
0x802fe8,1
0x802fec,1
0x802ff0,1
0x802ff4,1
0x802ff8,1
0x802ffc,1
0x803000,1
0x803004,1
0x803008,1
0x80300c,1
0x803010,1
0x803014,1
0x803018,1
0x80301c,1
0x803020,1
0x803024,1
0x803028,1
0x80302c,1
0x803030,1
0x803034,1
0x803038,1
0x80303c,1
0x803040,1
0x803044,1
0x803048,1
0x80304c,1
0x803050,1
0x803054,127
0x803058,127
0x80305c,127
0x803060,127
0x803064,127
0x803068,127
0x80306c,127
0x803070,127
0x803074,127
0x803078,127
0x80307c,127
0x803080,127
0x803084,127
0x803088,127
0x80308c,127
0x803090,127
0x803094,127
0x803098,127
0x80309c,127
0x8030a0,127
0x8030a4,127
0x8030a8,127
0x8030ac,127
0x8030b0,127
0x8030b4,127
0x8030b8,127
0x8030bc,127
0x8030c0,127
0x8030c4,127
0x8030c8,127
0x8030cc,127
0x8030d0,127
0x8030d4,127
0x8030d8,127
0x8030dc,127
0x8030e0,127
0x8030e4,127
0x8030e8,127
0x8030ec,127
0x8030f0,127
0x8030f4,127
0x8030f8,127
0x8030fc,127
0x803100,127
0x803104,127
0x803108,127
0x80310c,127
0x803110,127
0x803114,127
0x803118,127
0x80311c,127
0x803120,127
0x803124,127
0x803128,127
0x80312c,127
0x803130,127
0x803134,127
0x803138,127
0x80313c,127
0x803140,127
0x803144,127
0x803148,127
0x80314c,127
0x803150,127
0x803154,127
0x803158,127
0x80315c,127
0x803160,127
0x803164,127
0x803168,127
0x80316c,127
0x803170,127
0x803174,1
0x803178,1
0x80317c,1
0x803180,1
0x803184,1
0x803188,1
0x80318c,1
0x803190,1
0x803194,1
0x803198,1
0x80319c,1
0x8031a0,1
0x8031a4,1
0x8031a8,1
0x8031ac,1
0x8031b0,3
0x8031b4,3
0x8031b8,3
0x8031bc,3
0x8031c4,3
0x8031c8,3
0x8031cc,3
0x8031d0,3
0x8031d4,3
0x8031d8,3
0x8031dc,3
0x8031e0,3
0x8031e4,3
0x8031ec,3
0x8031f0,3
0x8031f4,3
0x8031f8,3
0x8031fc,3
0x803200,3
0x803204,3
0x803208,3
0x80320c,3
0x803210,3
0x803214,3
0x803218,3
0x803220,3
0x803224,3
0x803228,3
0x803234,3
0x803238,3
0x80323c,3
0x803240,3
0x803244,3
0x803248,3
0x80324c,3
0x803250,3
0x803254,3
0x803258,3
0x80325c,3
0x803260,3
0x803264,3
0x803268,3
0x80326c,3
0x803270,3
0x803274,3
0x803278,3
0x80327c,3
0x803280,3
0x803284,3
0x803288,3
0x80328c,3
0x803290,3
0x803294,3
0x803298,3
0x80329c,3
0x8032a0,3
0x8032a4,3
0x8032a8,3
0x8032ac,3
0x8032b0,3
0x8032b4,3
0x8032b8,3
0x8032bc,3
0x8032c0,3
0x8032c4,3
0x8032c8,3
0x8032cc,3
0x8032d0,3
0x8032d4,3
0x8032d8,3
0x8032dc,3
0x8032e0,3
0x8032e4,2
0x8032e8,2
0x8032fc,1
0x803300,1
0x803304,1
0x803308,1
0x80330c,1
0x803310,1
0x803314,1
0x803318,1
0x80331c,1
0x803320,1
0x803324,1
0x803328,1
0x80332c,3
0x803330,3
0x803334,1
0x803338,1
0x80333c,1
0x803340,1
0x803344,1
0x803348,1
0x80334c,1
0x803350,1
0x803354,1
0x80335c,3
0x803360,3
0x803364,3
0x803368,3
0x80336c,3
0x803370,3
0x803374,3
0x803378,3
0x80337c,3
0x803380,3
0x803384,3
0x803388,3
0x80338c,3
0x803390,3
0x803394,3
0x803398,3
0x80339c,3
0x8033a0,3
0x8033a4,3
0x8033a8,3
0x8033ac,3
0x8033b0,3
0x8033b4,3
0x8033b8,3
0x8033bc,3
0x8033c0,3
0x8033c4,3
0x8033c8,3
0x8033d0,3
0x8033d4,3
0x8033d8,3
0x8033dc,3
0x8033e0,3
0x8033e4,3
0x8033e8,3
0x8033ec,3
0x8033f0,3
0x8033f4,3
0x8033f8,3
0x8033fc,3
0x803400,3
0x803404,3
0x803408,3
0x80340c,3
0x803410,3
0x803414,3
0x803418,3
0x80341c,3
0x803420,3
0x803424,3
0x803428,3
0x803430,3
0x803434,3
0x803438,3
0x80343c,3
0x803440,3
0x803444,3
0x803448,3
0x80344c,3
0x803450,3
0x803454,3
0x803458,3
0x80345c,3
0x803460,3
0x803464,3
0x803468,3
0x80346c,3
0x803470,3
0x803474,3
0x803478,3
0x80347c,3
0x803480,3
0x803484,3
0x803488,3
0x80348c,3
0x803490,3
0x803494,3
0x803498,3
0x80349c,3
0x8034a0,3
0x8034a4,3
0x8034a8,3
0x8034ac,3
0x8034b0,3
0x8034b4,3
0x8034b8,3
0x8034bc,3
0x8034c0,3
0x8034c4,3
0x8034c8,3
0x8034cc,3
0x8034d0,3
0x8034d4,3
0x8034d8,3
0x8034dc,3
0x8034e0,3
0x8034e4,3
0x8034e8,3
0x8034ec,3
0x8034f0,3
0x8034f4,3
0x8034f8,3
0x8034fc,3
0x803500,3
0x803504,3
0x803508,3
0x80350c,3
0x803510,3
0x803514,3
0x803518,3
0x80351c,3
0x803520,3
0x803524,3
0x803528,3
0x803698,3
0x80369c,3
0x8036a0,3
0x8036a4,3
0x8036a8,3
0x8036ac,3
0x8036b0,3
0x8036b4,3
0x8036b8,3
0x8036bc,3
0x8036c0,3
0x8036c4,3
0x8036c8,3
0x8036cc,3
0x8036d0,3
0x8036d4,3
0x8036d8,3
0x8036dc,3
0x8036e0,3
0x8036e4,3
0x8036e8,3
0x8036ec,3
0x8036f0,3
0x8036f4,3
0x8036f8,3
0x8036fc,3
0x803700,3
0x803708,3
0x80370c,3
0x803710,3
0x803714,3
0x803718,3
0x80371c,3
0x803720,3
0x803724,3
0x803728,3
0x80372c,3
0x803730,3
0x803734,3
0x803738,3
0x80373c,3
0x803740,3
0x803744,3
0x803748,3
0x80374c,3
0x803750,3
0x803754,3
0x803758,3
0x80375c,3
0x803760,3
0x803764,3
0x803768,3
0x803770,3
0x803774,3
0x803778,3
0x80377c,3
0x803780,3
0x803784,3
0x803788,3
0x80378c,3
0x803790,3
0x803794,3
0x803798,3
0x80379c,3
0x8037a0,3
0x8037a4,3
0x8037a8,3
0x8037ac,3
0x8037b0,3
0x8037b4,3
0x8037b8,3
0x8037bc,3
0x8037c0,3
0x8037c4,3
0x8037c8,3
0x8037cc,3
0x8037d0,3
0x8037d4,3
0x8037d8,3
0x8037dc,3
0x8037e0,3
0x8037e4,3
0x8037e8,3
0x8037ec,3
0x8037f0,3
0x8037f4,3
0x8037f8,3
0x8037fc,3
0x803800,3
0x803804,3
0x803808,3
0x80380c,3
0x803810,3
0x803814,3
0x803818,3
0x80381c,3
0x803820,3
0x803824,3
0x803828,3
0x80382c,3
0x803830,3
0x803834,3
0x803838,3
0x80383c,3
0x803840,3
0x803844,3
0x803848,3
0x80384c,3
0x803850,3
0x803854,3
0x803858,3
0x80385c,3
0x803860,3
0x803864,3
0x803868,3
0x80389c,1
0x8038a0,1
0x8038a4,1
0x8038a8,1
0x8038ac,1
0x8038b0,1
0x8038b4,1
0x8038b8,1
0x8038bc,1
0x8038c0,1
0x8038c4,1
0x8038c8,1
0x8038cc,1
0x8038d0,1
0x8038d4,1
0x8038d8,1
0x8038dc,1
0x8038e0,1
0x8038e4,1
0x8038e8,1
0x8038ec,1
0x8038f0,1
0x8038f4,1
0x8038f8,1
0x8038fc,1
0x803900,1
0x803904,1
0x803908,1
0x80390c,1
0x803910,1
0x803914,1
0x803918,1
0x80391c,1
0x803920,1
0x803924,1
0x803934,1
0x803938,1
0x80393c,1
0x803940,1
0x803944,1
0x803948,1
0x803950,1
0x803954,1
0x803958,1
0x80395c,1
0x803960,1
0x803964,1
0x803968,1
0x80396c,1
0x803970,1
0x803974,1
0x803978,1
0x80397c,1
0x803980,1
0x803984,1
0x803988,1
0x80398c,1
0x803990,1
0x803994,1
0x803998,1
0x80399c,1
0x8039a0,1
0x8039a4,1
0x8039a8,1
0x8039ac,1
0x8039b0,1
0x8039b4,1
0x8039c0,1
0x8039c4,1
0x8039c8,1
0x8039cc,1
0x8039d0,1
0x8039d8,1
0x8039dc,1
0x8039e0,1
0x8039e4,1
0x8039e8,1
0x8039ec,1
0x8039f0,1
0x8039f4,1
0x8039f8,1
0x8039fc,1
0x803a00,1
0x803a04,1
0x803a08,1
0x803a10,1
0x803a14,1
0x803a18,1
0x803a1c,1
0x803a20,1
0x803a24,1
0x803a28,1
0x803a2c,1
0x803a30,1
0x803a34,1
0x803a38,1
0x803a40,1
0x803a44,1
0x803a48,1
0x803a4c,1
0x803a50,1
0x803a54,1
0x803a58,1
0x803a5c,1
0x803a60,1
0x803a64,1
0x803a68,1
0x803a6c,1
0x803a70,1
0x803a74,1
0x803a78,1
0x803a7c,1
0x803a80,1
0x803a84,1
0x803a98,1
0x803a9c,1
0x803aa0,1
0x803aa4,1
0x803aa8,1
0x803aac,1
0x803ab0,1
0x803ab4,1
0x803ab8,1
0x803abc,1
0x803ac0,1
0x803ac4,1
0x803b70,3
0x803b74,3
0x803b78,3
0x803b7c,3
0x803b80,3
0x803b84,3
0x803b88,3
0x803b8c,3
0x803b90,3
0x803b94,3
0x803b98,3
0x803b9c,3
0x803ba0,3
0x803ba4,3
0x803ba8,3
0x803bac,3
0x803c80,3
0x803c84,3
0x803c88,3
0x803c8c,3
0x803c90,3
0x803c94,3
0x803c98,3
0x803c9c,3
0x803ca0,3
0x803ca4,3
0x803ca8,3
0x803cb0,3
0x803cb4,3
0x803cb8,3
0x803cbc,3
0x803cc0,3
0x803cc4,3
0x803cc8,3
0x803ccc,3
0x803cd0,3
0x803cd4,3
0x803cd8,3
0x803cdc,3
0x803ce0,3
0x803ce4,3
0x803ce8,3
0x803cec,3
0x803cf0,3
0x803cf4,3
0x803cf8,3
0x803cfc,3
0x803d00,3
0x803d04,3
0x803d08,3
0x803d0c,3
0x803d14,3
0x803d18,3
0x803d1c,3
0x803d20,3
0x803d24,3
0x803d28,3
0x803d2c,3
0x803d30,3
0x803d34,3
0x803d38,3
0x803d3c,3
0x803d40,3
0x803d44,3
0x803d48,3
0x803d4c,3
0x803d50,3
0x803d54,3
0x803d58,3
0x803d5c,3
0x803d60,3
0x803d64,3
0x803d68,3
0x803d6c,3
0x803d70,3
0x803d74,3
0x803d78,3
0x803d7c,3
0x803d80,3
0x803d84,3
0x803d88,3
0x803d8c,3
0x803d90,3
0x803d94,3
0x803d98,3
0x803d9c,3
0x803da0,3
0x803da4,3
0x803da8,3
0x803dac,3
0x803db0,3
0x803db4,3
0x803db8,3
0x803dbc,3
0x803dc0,3
0x803dc4,3
0x803dc8,3
0x803dcc,3
0x803dd0,3
0x803dd4,3
0x803dd8,3
0x803ddc,3
0x803de0,3
0x803de4,3
0x803de8,3
0x803dec,3
0x803df0,3
0x803df4,3
0x803df8,3
0x803dfc,3
0x803e00,3
0x803e04,3
0x803e08,3
0x803e0c,3
0x803e10,3
0x803e14,3
0x803e18,3
0x803e1c,3
0x803e20,3
0x803e24,3
0x803e28,3
0x803e2c,3
0x803e38,3
0x803e3c,3
0x803e40,3
0x803e44,3
0x803e48,3
0x803e4c,3
0x803e50,3
0x803e54,3
0x803e58,3
0x803e5c,3
0x803e64,3
0x803e68,3
0x803e6c,3
0x803e70,3
0x803e74,3
0x803e78,3
0x803e7c,3
0x803e80,3
0x803e84,3
0x803e88,3
0x803e8c,3
0x803e94,3
0x803e98,3
0x803e9c,3
0x803ea0,3
0x803ea4,3
0x803ea8,3
0x803eac,3
0x803eb0,3
0x803eb4,3
0x803eb8,3
0x803ebc,3
0x803ec0,3
0x803ec4,3
0x803ec8,3
0x803ecc,3
0x803ed0,3
0x803ed4,3
0x803ed8,3
0x803edc,3
0x803ee0,3
0x803ee4,3
0x803ee8,3
0x803eec,3
0x803ef0,3
0x803ef8,3
0x803efc,3
0x803f00,3
0x803f04,3
0x803f08,3
0x803f0c,3
0x803f10,3
0x803f14,3
0x803f18,3
0x803f1c,3
0x803f20,3
0x803f24,3
0x803f28,3
0x803f2c,3
0x803f34,3
0x803f38,3
0x803f3c,3
0x803f40,3
0x803f44,3
0x803f48,3
0x803f4c,3
0x803f50,3
0x803f54,3
0x803f58,3
0x803f5c,3
0x803f60,3
0x803f64,3
0x803f6c,3
0x803f70,3
0x803f74,3
0x803f78,3
0x803f7c,3
0x803f80,3
0x803f84,3
0x803f88,3
0x803f8c,3
0x803f90,3
0x803f94,3
0x803f98,3
0x803f9c,3
0x803fa4,3
0x803fa8,3
0x803fac,3
0x803fb0,3
0x803fb4,3
0x803fb8,3
0x803fbc,3
0x803fc0,3
0x803fc4,3
0x803fc8,3
0x803fcc,5182
0x803fd0,5182
0x803fd4,5182
0x803fd8,5182
0x803fdc,5182
0x803fe0,5182
0x803fe4,5179
0x803fe8,5179
0x803fec,5179
0x803ff0,5179
0x803ff4,5179
0x803ff8,5179
0x803ffc,5179
0x804000,5179
0x804004,5179
0x804008,5179
0x804010,5179
0x804014,5179
0x804018,5179
0x80401c,5179
0x804020,5179
0x804024,5179
0x804028,5179
0x80402c,5179
0x804030,5179
0x804034,5179
0x804038,5179
0x80403c,5179
0x804040,5179
0x804044,5179
0x804048,5179
0x80404c,5179
0x804050,5179
0x804054,5179
0x804058,5179
0x80405c,5179
0x804060,5179
0x804064,5179
0x804068,5179
0x80406c,5179
0x804074,5179
0x804078,5179
0x80407c,5179
0x804080,5179
0x804084,5179
0x804088,5179
0x80408c,5179
0x804090,5179
0x804094,5179
0x804098,5179
0x80409c,5179
0x8040a0,5179
0x8040a4,5179
0x8040a8,5179
0x8040ac,5179
0x8040b0,5179
0x8040b4,5179
0x8040b8,5179
0x8040bc,5179
0x8040c0,5179
0x8040c4,5179
0x8040c8,5179
0x8040cc,5179
0x8040d0,5179
0x8040d4,5179
0x8040d8,5179
0x8040dc,5179
0x8040e0,5179
0x8040e4,5179
0x8040e8,5179
0x8040ec,5179
0x8040f0,5179
0x8040f8,5179
0x8040fc,5179
0x804100,5179
0x804104,5179
0x804108,5179
0x80410c,5179
0x804110,5179
0x804114,5179
0x804118,5179
0x80411c,5179
0x804120,5179
0x804124,5179
0x804128,5179
0x80412c,5179
0x804130,5179
0x804134,5179
0x804138,5179
0x80413c,5179
0x804140,5179
0x804144,5179
0x804148,5179
0x80414c,5179
0x804150,5179
0x804154,5179
0x804158,5179
0x80415c,5179
0x804160,5179
0x804164,5179
0x804168,5179
0x80416c,5179
0x804170,5179
0x804178,5179
0x80417c,5179
0x804180,5179
0x804184,5179
0x804188,5179
0x80418c,5179
0x804190,5179
0x804194,5179
0x804198,5179
0x80419c,5179
0x8041b4,3
0x8041b8,3
0x8041bc,3
0x8041c0,3
0x8041c4,3
0x8041c8,3
0x8041cc,3
0x8041d0,3
0x8041d4,3
0x8041d8,3
0x8041e0,3
0x8041e4,3
0x8041e8,3
0x8041ec,3
0x8041f8,3
0x8041fc,3
0x804200,3
0x804204,3
0x804208,3
0x80420c,3
0x804210,3
0x804214,3
0x804218,3
0x80421c,3
0x804220,3
0x804228,3
0x80422c,3
0x804230,3
0x804234,3
0x804238,3
0x80423c,3
0x804240,2
0x804244,2
0x804248,2
0x80424c,2
0x804250,2
0x804254,2
0x804258,2
0x80425c,2
0x804260,2
0x804268,2
0x80426c,2
0x804270,2
0x804274,2
0x804278,3
0x80427c,3
0x804280,3
0x804284,3
0x804288,3
0x80428c,3
0x804290,3
0x804294,3
0x804298,3
0x80429c,3
0x8042a4,3
0x8042a8,1
0x8042ac,1
0x8042b0,1
0x8042b4,1
0x8042b8,1
0x8042bc,1
0x8042c0,1
0x8042c4,1
0x804320,1
0x804324,1
0x804328,1
0x80432c,1
0x804408,10364
0x80440c,10364
0x804410,10364
0x804414,10364
0x804418,10364
0x80441c,10364
0x804420,10364
0x804424,10364
0x804428,10364
0x80442c,10364
0x804430,10364
0x804434,10364
0x804438,10364
0x80443c,10364
0x804440,10364
0x804444,5175
0x804448,5175
0x80444c,5175
0x804450,5175
0x804454,5175
0x804458,5175
0x80445c,5175
0x804460,5175
0x804464,5175
0x804468,5175
0x80446c,5175
0x804470,60
0x804474,60
0x804478,60
0x80447c,60
0x804480,60
0x804484,60
0x804488,60
0x80448c,60
0x804490,60
0x804494,60
0x804498,60
0x80449c,60
0x8044a0,60
0x8044a4,60
0x8044a8,60
0x8044ac,5175
0x8044b0,54
0x8044b4,54
0x8044b8,54
0x8044bc,54
0x8044c0,54
0x8044c4,5189
0x8044c8,5189
0x8044cc,5189
0x8044d0,5189
0x8044d4,5189
0x8044d8,5189
0x8044dc,5189
0x8044e0,10364
0x8044e4,10364
0x8044e8,10364
0x8044ec,10364
0x8044f0,10364
0x8044f4,10364
0x8044f8,10364
0x8044fc,10364
0x804500,10364
0x804504,10364
0x804508,10364
0x80450c,10364
0x804510,10364
0x804514,10364
0x804518,10364
0x804554,5121
0x804558,5121
0x80455c,5121
0x804560,5121
0x804564,5121
0x804568,5121
0x80456c,5121
0x804570,5121
0x804574,5121
0x804578,5121
0x80457c,5121
0x804580,5121
0x804584,5121
0x804588,5121
0x80458c,5121
0x804590,5121
0x804594,5121
0x804598,5121
0x80459c,5121
0x8045a0,5121
0x8045a4,5121
0x8045a8,5121
0x8045ac,5121
0x8045b0,5121
0x8045b4,5121
0x8045b8,5121
0x8045bc,5121
0x8045c0,5121
0x8045c4,5121
0x8045c8,5121
0x8045d8,5182
0x8045dc,5182
0x8045e0,5182
0x8045e4,5182
0x8045e8,5182
0x8045ec,5182
0x8045f0,5182
0x8045f4,5182
0x8045f8,5182
0x8045fc,5182
0x804600,5182
0x804604,5182
0x804608,5182
0x80460c,5182
0x804610,5182
0x804614,2176
0x804618,2176
0x80461c,2176
0x804620,2176
0x804624,2176
0x804628,2176
0x80462c,2176
0x804630,2176
0x804634,2176
0x804638,2
0x80463c,2
0x804640,2
0x804644,2
0x804648,2
0x80464c,2
0x804650,2
0x804654,2
0x804658,2
0x80465c,2
0x804660,2176
0x804664,2174
0x804668,2174
0x80466c,2174
0x804670,2174
0x804674,2174
0x804678,2174
0x80467c,2174
0x804680,2174
0x804684,2174
0x804688,2174
0x80468c,2174
0x804690,2174
0x804694,2174
0x804698,2174
0x80469c,2174
0x8046a0,2174
0x8046a4,2174
0x8046a8,2174
0x8046ac,2174
0x8046b0,2174
0x8046b4,2174
0x8046b8,2174
0x8046bc,2174
0x8046c0,2174
0x8046c4,2174
0x8046c8,3006
0x8046cc,3006
0x8046d0,3006
0x8046d4,3006
0x8046d8,3006
0x804704,5182
0x804708,5182
0x80470c,5182
0x804710,5182
0x804714,5182
0x804718,5182
0x80471c,5182
0x804720,5182
0x804724,5182
0x804728,5182
0x80472c,56519
0x804730,56519
0x804734,56519
0x804744,56519
0x804748,56519
0x80474c,56519
0x804750,56519
0x804754,56519
0x804758,56519
0x80475c,56519
0x804760,56519
0x804764,56519
0x804768,56519
0x80476c,56519
0x804770,56519
0x804774,56519
0x804778,56519
0x80477c,25171
0x804780,25171
0x804784,25171
0x804788,25171
0x80478c,25171
0x804790,25171
0x804794,25171
0x804798,25171
0x80479c,25171
0x8047a0,25171
0x8047a4,25171
0x8047a8,25171
0x8047ac,25171
0x8047b0,25171
0x8047b4,25171
0x8047b8,8694
0x8047bc,8694
0x8047c0,8694
0x8047c4,8694
0x8047c8,8694
0x8047cc,8694
0x8047d0,8694
0x8047d4,8694
0x804808,8694
0x80480c,8694
0x804810,8694
0x804814,8694
0x804818,8694
0x80482c,16477
0x804830,16477
0x804834,16477
0x804838,16477
0x80483c,16477
0x804840,16477
0x804844,25168
0x804848,25168
0x80484c,8694
0x804850,8694
0x804854,8691
0x804858,8691
0x80485c,8691
0x804860,8691
0x804864,8691
0x804868,8691
0x80486c,8691
0x804870,8691
0x804874,8691
0x804878,8691
0x80487c,8691
0x804880,8691
0x804884,8691
0x804888,8691
0x80488c,8691
0x804890,8691
0x804894,8691
0x804898,8691
0x80489c,8691
0x8048a0,8691
0x8048a4,8691
0x8048a8,8691
0x8048ac,8691
0x8048b0,8691
0x8048b4,8691
0x8048b8,8691
0x8048bc,3
0x8048c0,3
0x8048c4,3
0x8048c8,3
0x8048cc,25171
0x8048d0,25171
0x8048d4,3
0x8048d8,3
0x8048dc,3
0x8048e0,3
0x8048e4,25168
0x8048e8,25168
0x8048ec,25171
0x8048f0,25171
0x8048f4,25171
0x8048f8,25171
0x8048fc,25171
0x804900,25171
0x804904,25171
0x804908,25171
0x80490c,4
0x804910,4
0x804914,4
0x804918,4
0x80491c,4
0x804920,4
0x804924,4
0x804928,4
0x80492c,4
0x804930,4
0x804934,4
0x804938,4
0x80493c,4
0x804940,4
0x804944,4
0x804948,4
0x80494c,4
0x804950,4
0x804954,4
0x804958,4
0x80495c,4
0x804a48,1550
0x804a4c,1550
0x804a50,1550
0x804a54,1550
0x804a58,1550
0x804a5c,1550
0x804a60,1550
0x804a64,1550
0x804a68,1550
0x804a6c,1550
0x804a70,1550
0x804a74,1550
0x804a78,1550
0x804a7c,1550
0x804a80,1550
0x804a84,1550
0x804a88,1550
0x804a8c,1550
0x804a90,1550
0x804a94,1550
0x804ae0,2134
0x804ae4,2134
0x804ae8,2134
0x804aec,2134
0x804af0,2134
0x804af4,2134
0x804af8,2134
0x804afc,1675
0x804b00,1675
0x804b04,127
0x804b08,127
0x804b0c,127
0x804b10,127
0x804b14,127
0x804b18,127
0x804b1c,127
0x804b20,127
0x804b24,459
0x804b28,459
0x804b2c,586
0x804b30,586
0x804b34,2134
0x804b38,2134
0x804b3c,2134
0x804b40,2134
0x804b44,2134
0x804b48,2134
0x804b4c,713
0x804b50,713
0x804b54,2852
0x804b58,2852
0x804b5c,2852
0x804b60,2852
0x804b64,2852
0x804b68,2852
0x804b6c,2852
0x804b70,2852
0x804b74,713
0x804b78,15802
0x804b7c,15802
0x804b80,15802
0x804b84,15802
0x804b88,15802
0x804b8c,15802
0x804b90,15802
0x804b94,15802
0x804b98,15802
0x804b9c,15802
0x804ba0,15802
0x804ba4,15802
0x804ba8,15802
0x804bac,15802
0x804bb0,15802
0x804bb4,15802
0x804bb8,3864
0x804bbc,3864
0x804bc0,3864
0x804bc4,3864
0x804bc8,3864
0x804bcc,3864
0x804bd0,3864
0x804bd4,3864
0x804bd8,3864
0x804bdc,3864
0x804be0,1269
0x804be4,1269
0x804be8,1269
0x804bec,1269
0x804bf0,1269
0x804bf4,1269
0x804bf8,1269
0x804bfc,1269
0x804c00,1269
0x804c04,1269
0x804c08,1269
0x804c0c,1269
0x804c10,3864
0x804c14,290
0x804c18,290
0x804c1c,11938
0x804c20,11938
0x804c24,11938
0x804c28,11938
0x804c2c,11938
0x804c30,11938
0x804c34,11938
0x804c38,11938
0x804c50,3574
0x804c54,3574
0x804c58,3573
0x804c5c,3573
0x804c60,3573
0x804c64,3573
0x804c68,3573
0x804c6c,3573
0x804c70,3573
0x804c74,3573
0x804c78,3573
0x804c7c,3573
0x804c80,3573
0x804c84,3573
0x804c88,3573
0x804c8c,3573
0x804c90,3573
0x804c94,3573
0x804c98,3573
0x804c9c,3573
0x804ca0,3573
0x804ca4,3573
0x804ca8,3573
0x804cac,3573
0x804cb0,3573
0x804cb4,3863
0x804cb8,3864
0x804cbc,3864
0x804cc0,15802
0x804cc4,15802
0x804cc8,15802
0x804ccc,15802
0x804cd0,15802
0x804cd4,15802
0x804cd8,15802
0x804cdc,15802
0x804ce0,15802
0x804ce4,15802
0x804ce8,15802
0x804cec,15802
0x804cf0,15802
0x804cf4,1
0x804cf8,1
0x804cfc,1
0x804d00,15548
0x804d04,15548
0x804d08,15548
0x804d0c,15548
0x804d10,15548
0x804d14,15548
0x804d18,15548
0x804d1c,15548
0x804d20,15548
0x804d24,15548
0x804d28,15548
0x804d2c,15548
0x804d40,15548
0x804d44,15548
0x804d48,15548
0x804d4c,15548
0x804d50,15548
0x804d54,15548
0x804d58,15548
0x804d5c,15548
0x804d60,8
0x804d64,8
0x804d68,8
0x804d6c,8
0x804d70,8
0x804d74,8
0x804d78,8
0x804d7c,8
0x804d80,8
0x804d84,40
0x804d88,40
0x804d8c,40
0x804d90,40
0x804d94,40
0x804d98,32
0x804d9c,32
0x804da0,32
0x804da4,32
0x804da8,32
0x804dac,32
0x804db0,32
0x804db4,32
0x804db8,32
0x804dbc,8
0x804dc0,8
0x804dc4,8
0x804dc8,8
0x804dcc,8
0x804dd0,8
0x804dd4,8
0x804dd8,8
0x804ddc,8
0x804de0,40
0x804de4,40
0x804de8,40
0x804dec,40
0x804df0,40
0x804df4,40
0x804df8,8
0x804dfc,8
0x804e00,8
0x804e04,8
0x804e08,8
0x804e0c,8
0x804e10,8
0x804e14,8
0x804e4c,8
0x804e50,8
0x804e54,8
0x804e58,6
0x804e5c,6
0x804e60,6
0x804e64,6
0x804e68,6
0x804e6c,6
0x804e70,6
0x804e74,6
0x804e78,6
0x804e7c,6
0x804e80,6
0x804e84,6
0x804e88,6
0x804e8c,6
0x804e90,6
0x804e94,6
0x804e98,6
0x804e9c,6
0x804ea0,6
0x804ea4,6
0x804ea8,6
0x804eac,6
0x804eb0,6
0x804eb8,6
0x804ebc,6
0x804ec0,6
0x804ec4,6
0x804ec8,6
0x804ecc,6
0x804ed0,6
0x804ed4,6
0x804ed8,6
0x804edc,6
0x804ee0,6
0x804ee4,6
0x804ee8,6
0x804eec,6
0x804ef0,6
0x804ef4,6
0x804ef8,6
0x804efc,6
0x804f00,6
0x804f04,6
0x804f08,6
0x804f0c,6
0x804f10,6
0x804f14,6
0x804f18,6
0x804f1c,6
0x804f20,6
0x805000,336
0x805004,336
0x805008,336
0x80500c,336
0x805010,336
0x805014,336
0x805018,336
0x80501c,336
0x805020,336
0x805024,336
0x805028,336
0x80502c,336
0x805030,336
0x805034,336
0x805038,336
0x80503c,336
0x805040,336
0x805044,204
0x805048,204
0x80504c,204
0x805050,204
0x805054,204
0x805058,204
0x80505c,204
0x805060,204
0x805094,204
0x805098,204
0x80509c,204
0x8050a0,204
0x8050a4,204
0x8050b8,132
0x8050bc,132
0x8050c0,132
0x8050c4,132
0x8050c8,132
0x8050cc,132
0x8050d0,132
0x8050d4,204
0x8050d8,204
0x8050dc,204
0x8050e0,204
0x8050e4,204
0x8050e8,204
0x8050ec,204
0x8050f0,204
0x8050f4,204
0x8050f8,204
0x8050fc,204
0x805100,204
0x805104,204
0x805108,204
0x80510c,204
0x805110,204
0x805114,204
0x805118,204
0x80511c,204
0x805120,204
0x805124,204
0x805128,204
0x80512c,204
0x805130,204
0x805134,204
0x805138,204
0x80513c,336
0x805140,336
0x805144,336
0x805158,336
0x80515c,336
0x805160,336
0x805164,336
0x805168,336
0x80516c,336
0x805170,336
0x805174,336
0x805178,336
0x80517c,336
0x805180,336
0x805184,336
0x80519c,10
0x8051a0,10
0x8051a4,10
0x8051a8,10
0x8051ac,10
0x8051b0,10
0x8051b4,10
0x8051b8,10
0x8051bc,10
0x8051c0,10
0x8051c4,10
0x8051c8,10
0x8051cc,10
0x8051d0,10
0x8051d4,10
0x8051d8,10
0x8051dc,10
0x8051e0,10
0x8051e4,10
0x8051e8,10
0x8051ec,10
0x8051f0,10
0x8051f4,10
0x8051f8,10
0x805218,10
0x80521c,10
0x805220,10
0x805224,10
0x805228,10
0x80522c,10
0x805230,10
0x805234,10
0x805238,10
0x80523c,10
0x805240,10
0x805248,10
0x80524c,10
0x805250,10
0x805254,10
0x805258,10
0x80525c,10
0x805260,10
0x805264,10
0x805268,10
0x80526c,10
0x805270,10
0x805274,10
0x805278,10
0x80527c,10
0x805280,10
0x805284,10
0x805288,10
0x80528c,10
0x805290,10
0x805294,10
0x805298,10
0x80529c,10
0x8052a0,10
0x8052a4,10
0x8052a8,10
0x8052ac,10
0x8052c0,10
0x8052c4,10
0x8052c8,10
0x8052cc,10
0x8052d0,10
0x8052d4,10
0x8052d8,10
0x8052dc,10
0x8052e0,10
0x8052e4,10
0x8052e8,10
0x8052ec,10
0x8052f0,10
0x8052f4,10
0x8052f8,10
0x8052fc,10
0x805300,10
0x805304,10
0x805308,10
0x80530c,277
0x805310,277
0x805314,277
0x805318,277
0x80531c,277
0x805320,277
0x805324,277
0x805328,277
0x80532c,277
0x805330,277
0x805334,277
0x805338,277
0x80533c,277
0x805340,277
0x805344,277
0x805348,277
0x80534c,277
0x805350,277
0x805354,277
0x805358,277
0x80535c,277
0x805360,277
0x805364,277
0x805368,277
0x80536c,277
0x805370,277
0x805374,277
0x805378,277
0x80537c,277
0x805380,277
0x805384,277
0x805388,277
0x80538c,277
0x805390,277
0x805394,277
0x805398,277
0x80539c,277
0x8053a0,277
0x8053a4,277
0x8053ac,277
0x8053b0,277
0x8053b4,277
0x8053b8,277
0x8053bc,277
0x8053c0,277
0x8053c4,277
0x8053c8,277
0x8053cc,277
0x8053d0,277
0x8053d4,218
0x8053d8,218
0x8053dc,218
0x8053e0,59
0x8053e4,59
0x8053e8,59
0x8053ec,59
0x8053f0,59
0x8053f4,59
0x8053f8,59
0x805400,59
0x805404,59
0x805408,59
0x80540c,59
0x805410,59
0x805414,59
0x805418,59
0x80541c,59
0x805420,59
0x805424,59
0x805428,59
0x80542c,59
0x805430,277
0x805434,277
0x805438,277
0x80543c,277
0x805440,8
0x805444,277
0x805448,277
0x80544c,277
0x805450,277
0x805454,277
0x805458,277
0x80545c,4
0x805460,4
0x805464,4
0x805468,3
0x80546c,3
0x805470,3
0x805474,3
0x805478,3
0x80547c,3
0x805480,3
0x805484,1
0x805488,1
0x80548c,1
0x805490,1
0x805494,1
0x805498,1
0x80549c,1
0x8054a0,1
0x8054a4,1
0x8054a8,1
0x8054ac,1
0x8054b4,1
0x8054b8,1
0x8054bc,1
0x8054c0,1
0x8054c4,1
0x8054c8,1
0x8054cc,1
0x8054d0,1
0x8054d4,1
0x8054d8,1
0x8054dc,1
0x8054e0,1
0x8054e4,1
0x8054e8,1
0x8054ec,1
0x8054f0,4
0x8054f4,4
0x8054f8,4
0x8054fc,4
0x805500,4
0x805504,4
0x805508,4
0x80550c,4
0x805510,4
0x805514,4
0x805518,4
0x80552c,4
0x805530,4
0x805534,4
0x805538,277
0x80553c,277
0x805540,277
0x805544,277
0x805548,277
0x80554c,277
0x805550,277
0x805554,277
0x805558,10
0x80555c,10
0x805560,10
0x805574,10
0x805578,10
0x80557c,10
0x805580,10
0x805584,10
0x805588,10
0x80558c,10
0x805590,10
0x805594,10
0x805598,10
0x80559c,10
0x8055a0,10
0x8055a4,10
0x8055a8,10
0x8055ac,10
0x8055b0,10
0x8055b4,10
0x8055b8,10
0x8055bc,10
0x8055c0,10
0x8055c4,10
0x8055d0,10
0x8055d4,10
0x8055d8,10
0x8055dc,10
0x8055e0,10
0x8055e4,10
0x8055e8,10
0x8055ec,10
0x8055f0,10
0x8055f4,277
0x8055f8,277
0x8055fc,8
0x805600,8
0x805604,8
0x805608,8
0x80560c,8
0x805610,8
0x805614,8
0x805618,277
0x80561c,277
0x805620,277
0x805624,277
0x805628,10
0x80562c,10
0x805630,10
0x805634,10
0x805638,10
0x80563c,10
0x805640,10
0x805644,10
0x805648,10
0x80564c,10
0x805650,10
0x805654,10
0x805658,10
0x80565c,10
0x805660,10
0x805664,10
0x805668,10
0x80566c,10
0x805670,10
0x805674,10
0x805678,10
0x80567c,10
0x805680,10
0x805684,10
0x805688,10
0x80568c,10
0x805690,10
0x805694,10
0x805698,10
0x80569c,10
0x8056a0,10
0x8056a4,10
0x8056a8,10
0x8056ac,10
0x8056b0,10
0x8056b4,10
0x8056b8,10
0x8056bc,10
0x8056c0,10
0x8056c8,277
0x8056cc,277
0x8056d0,277
0x8056d4,277
0x8056d8,277
0x8056dc,277
0x8056e0,277
0x8056e4,12
0x8056e8,12
0x8056ec,265
0x8056f0,265
0x8056f4,265
0x8056f8,265
0x8056fc,204
0x805700,204
0x805704,204
0x805708,204
0x80570c,204
0x805710,204
0x805714,204
0x805718,204
0x80571c,204
0x805720,204
0x805724,204
0x805728,204
0x80572c,204
0x805730,204
0x805734,204
0x805738,204
0x80573c,204
0x805740,204
0x805744,204
0x805748,204
0x80574c,204
0x805750,204
0x805754,204
0x805758,204
0x80575c,204
0x805760,204
0x805764,204
0x805768,204
0x80576c,204
0x805770,61
0x805774,265
0x80577c,265
0x805780,265
0x805784,265
0x805788,265
0x80578c,265
0x805790,265
0x805794,2840
0x805798,2840
0x80579c,2840
0x8057a0,2848
0x8057a4,2848
0x8057a8,2848
0x8057ac,2840
0x8057b0,2840
0x8057b4,265
0x8057b8,265
0x8057bc,265
0x8057c0,265
0x8057c4,109
0x8057c8,109
0x8057cc,30
0x8057d0,79
0x8057d4,79
0x8057d8,61
0x8057dc,18
0x8057e0,18
0x8057e4,18
0x8057e8,18
0x8057ec,18
0x8057f0,10
0x8057f4,10
0x8057f8,10
0x8057fc,10
0x805800,10
0x805804,10
0x805808,10
0x80580c,10
0x805810,18
0x805814,18
0x805818,7
0x80581c,11
0x805820,11
0x805824,11
0x805828,11
0x80582c,11
0x805830,11
0x805834,11
0x805838,11
0x80583c,8
0x805840,3
0x805844,3
0x805848,3
0x80584c,156
0x805850,156
0x805854,156
0x805858,156
0x80585c,156
0x805860,156
0x805864,156
0x805868,156
0x80586c,156
0x805870,156
0x805874,156
0x805878,156
0x80587c,156
0x805880,156
0x805884,156
0x805888,156
0x80588c,156
0x805890,156
0x805894,156
0x805898,156
0x80589c,156
0x8058a0,156
0x8058a4,156
0x8058a8,156
0x8058ac,156
0x8058b0,156
0x8058b4,156
0x8058b8,156
0x8058bc,156
0x8058c0,156
0x8058c4,156
0x8058c8,156
0x8058cc,156
0x8058d0,156
0x8058d4,156
0x8058d8,156
0x8058dc,156
0x8058e0,156
0x8058e4,156
0x8058e8,156
0x8058ec,156
0x8058f0,156
0x8058f4,661
0x8058f8,505
0x8058fc,505
0x805900,505
0x805904,505
0x805908,505
0x80590c,505
0x805910,505
0x805914,505
0x805918,505
0x80591c,505
0x805920,505
0x805924,505
0x805928,505
0x80592c,505
0x805930,505
0x805934,505
0x805938,505
0x80593c,505
0x805940,505
0x805944,505
0x805948,505
0x80594c,505
0x805950,164
0x805954,164
0x805958,164
0x80595c,164
0x805960,164
0x805964,164
0x805968,164
0x80596c,164
0x805970,164
0x805974,164
0x805978,164
0x80597c,164
0x805980,164
0x805984,13
0x805988,13
0x80598c,13
0x805990,13
0x805994,13
0x805998,13
0x80599c,13
0x8059a0,13
0x8059a4,13
0x8059a8,13
0x8059ac,13
0x8059b0,13
0x8059b4,13
0x8059b8,13
0x8059bc,13
0x8059c0,13
0x8059c4,13
0x8059c8,13
0x8059cc,13
0x8059d0,13
0x8059d4,13
0x8059d8,13
0x8059dc,13
0x8059e0,13
0x8059e4,13
0x8059e8,13
0x8059ec,13
0x8059f0,13
0x8059f4,13
0x8059f8,13
0x8059fc,13
0x805a00,13
0x805a04,13
0x805a08,13
0x805a0c,13
0x805a10,13
0x805a14,13
0x805a18,13
0x805a1c,13
0x805a20,13
0x805a24,13
0x805a28,13
0x805a2c,13
0x805a30,13
0x805a34,13
0x805a38,13
0x805a3c,13
0x805a40,13
0x805a44,13
0x805a48,13
0x805a4c,13
0x805a50,13
0x805a54,13
0x805a58,13
0x805a5c,13
0x805a60,13
0x805a64,13
0x805a68,13
0x805a6c,13
0x805a70,13
0x805a74,13
0x805a78,13
0x805a7c,13
0x805a80,13
0x805a84,13
0x805a88,13
0x805a8c,13
0x805a90,13
0x805a94,13
0x805a98,13
0x805a9c,13
0x805aa0,13
0x805aa4,13
0x805aa8,13
0x805aac,13
0x805ab0,13
0x805ab4,13
0x805ab8,13
0x805abc,13
0x805ac0,13
0x805ac4,13
0x805ac8,13
0x805acc,13
0x805ad0,13
0x805ad4,13
0x805ad8,13
0x805adc,13
0x805ae0,13
0x805ae4,13
0x805ae8,13
0x805aec,13
0x805af0,13
0x805af4,13
0x805af8,13
0x805afc,13
0x805b00,13
0x805b04,13
0x805b08,13
0x805b0c,13
0x805b10,13
0x805b14,13
0x805b18,13
0x805b1c,13
0x805b20,13
0x805b24,13
0x805b28,13
0x805b2c,13
0x805b30,13
0x805b34,13
0x805b38,13
0x805b3c,13
0x805b40,13
0x805b44,13
0x805b48,13
0x805b4c,13
0x805b50,13
0x805b54,13
0x805b58,13
0x805b5c,13
0x805b60,13
0x805b64,13
0x805b68,13
0x805b6c,13
0x805b70,13
0x805b74,13
0x805b78,13
0x805b7c,13
0x805b80,13
0x805b84,13
0x805b88,13
0x805b8c,13
0x805b90,119
0x805b94,119
0x805b98,119
0x805b9c,119
0x805ba0,119
0x805ba4,119
0x805ba8,119
0x805bac,119
0x805bb0,119
0x805bb4,119
0x805bb8,119
0x805bbc,119
0x805bc0,119
0x805bc4,119
0x805bc8,119
0x805bcc,119
0x805bd0,119
0x805bd4,119
0x805bd8,119
0x805bdc,119
0x805be0,119
0x805be4,119
0x805be8,119
0x805bec,119
0x805bf0,119
0x805bf4,119
0x805bf8,119
0x805bfc,119
0x805c00,119
0x805c04,119
0x805c08,119
0x805c0c,119
0x805c10,119
0x805c14,119
0x805c18,119
0x805c1c,119
0x805c20,119
0x805c24,119
0x805c28,119
0x805c2c,119
0x805c30,119
0x805c34,119
0x805c38,119
0x805c3c,119
0x805c40,119
0x805c44,119
0x805c48,119
0x805c4c,119
0x805c50,119
0x805c54,119
0x805c58,119
0x805c5c,119
0x805c60,119
0x805c64,119
0x805c68,119
0x805c6c,119
0x805c70,119
0x805c74,119
0x805c78,119
0x805c7c,119
0x805c80,119
0x805c84,119
0x805c88,119
0x805c8c,119
0x805c90,119
0x805c94,119
0x805c98,119
0x805c9c,119
0x805ca0,119
0x805ca4,119
0x805ca8,119
0x805cac,119
0x805cb0,119
0x805cb4,119
0x805cb8,119
0x805cbc,73
0x805cc0,73
0x805cc4,73
0x805cc8,73
0x805ccc,73
0x805cd0,73
0x805cd4,73
0x805cd8,73
0x805cdc,73
0x805ce0,73
0x805ce4,73
0x805ce8,73
0x805cec,73
0x805cf0,73
0x805cf4,73
0x805cf8,73
0x805cfc,73
0x805d00,73
0x805d04,73
0x805d08,73
0x805d0c,73
0x805d10,73
0x805d14,73
0x805d18,73
0x805d1c,73
0x805d20,73
0x805d24,73
0x805d28,73
0x805d2c,73
0x805d30,73
0x805d34,73
0x805d38,73
0x805d3c,73
0x805d40,73
0x805d44,73
0x805d48,73
0x805d4c,73
0x805d50,73
0x805d54,73
0x805d58,73
0x805d5c,73
0x805d60,73
0x805d64,73
0x805d68,73
0x805d6c,73
0x805d70,73
0x805d74,73
0x805d78,73
0x805d7c,73
0x805d80,73
0x805d84,73
0x805d88,73
0x805d8c,73
0x805d90,73
0x805d94,73
0x805d98,73
0x805d9c,73
0x805da0,73
0x805da4,73
0x805da8,73
0x805dac,73
0x805db0,73
0x805db4,73
0x805db8,73
0x805dbc,73
0x805dc0,73
0x805dc4,73
0x805dc8,73
0x805dcc,73
0x805dd0,73
0x805dd4,73
0x805dd8,73
0x805ddc,73
0x805de0,73
0x805de4,73
0x805de8,73
0x805dec,73
0x805df0,73
0x805df4,73
0x805df8,73
0x805dfc,73
0x805e00,73
0x805e04,73
0x805e08,73
0x805e0c,73
0x805e10,73
0x805e14,73
0x805e18,73
0x805e1c,73
0x805e20,73
0x805e24,73
0x805e28,73
0x805e2c,73
0x805e30,73
0x805e34,73
0x805e38,73
0x805e3c,73
0x805e40,73
0x805e44,73
0x805e48,73
0x805e4c,73
0x805e50,73
0x805e54,192
0x805e58,192
0x805e5c,192
0x805e60,192
0x805e64,192
0x805e68,192
0x805e6c,192
0x805e70,192
0x805e74,136
0x805e78,136
0x805e7c,136
0x805e80,136
0x805e84,136
0x805e88,136
0x805e8c,136
0x805e90,136
0x805e94,136
0x805e98,136
0x805e9c,136
0x805ea0,136
0x805ea4,136
0x805ea8,136
0x805eac,136
0x805eb0,136
0x805eb4,136
0x805eb8,136
0x805ebc,136
0x805ec0,136
0x805ec4,136
0x805ec8,136
0x805ecc,136
0x805ed0,136
0x805ed4,136
0x805ed8,136
0x805edc,136
0x805ee0,136
0x805ee4,136
0x805ee8,136
0x805eec,136
0x805ef0,136
0x805ef4,136
0x805ef8,136
0x805efc,136
0x805f00,136
0x805f04,136
0x805f08,136
0x805f0c,136
0x805f10,136
0x805f14,300
0x805f18,300
0x805f1c,300
0x805f20,300
0x805f24,300
0x805f28,300
0x805f2c,300
0x805f30,300
0x805f34,300
0x805f38,300
0x805f3c,300
0x805f40,300
0x805f44,300
0x805f48,300
0x805f4c,300
0x805f50,300
0x805f54,300
0x805f58,300
0x805f5c,300
0x805f60,300
0x805f64,505
0x805f68,505
0x805f6c,505
0x805f70,505
0x805f74,505
0x805f78,156
0x805f7c,156
0x805f80,156
0x805f84,156
0x805f88,156
0x805f8c,57
0x805f90,118
0x805f94,118
0x805f98,118
0x805f9c,118
0x805fa0,118
0x805fa4,118
0x805fa8,118
0x805fac,118
0x805fb0,54
0x805fb4,54
0x805fb8,149
0x805fbc,149
0x805fc0,95
0x805fc4,95
0x805fc8,95
0x805fcc,95
0x805fd0,95
0x805fd4,95
0x805fd8,95
0x805fdc,95
0x805fe0,95
0x805fe4,95
0x805fe8,95
0x805fec,95
0x805ff0,95
0x805ff4,95
0x805ff8,95
0x805ffc,95
0x806000,95
0x806004,95
0x806008,95
0x80600c,95
0x806010,95
0x806014,95
0x806018,95
0x80601c,95
0x806020,95
0x806024,95
0x806028,95
0x80602c,95
0x806030,95
0x806034,95
0x806038,95
0x80603c,95
0x806040,95
0x806044,95
0x806048,95
0x80604c,95
0x806050,95
0x806054,95
0x806058,95
0x80605c,95
0x806060,95
0x806064,95
0x806068,95
0x80606c,95
0x806070,95
0x806074,95
0x806078,95
0x80607c,95
0x806080,95
0x8060b0,95
0x8060b4,95
0x8060b8,95
0x8060bc,95
0x8060c0,95
0x8060c4,95
0x8060c8,95
0x8060cc,95
0x8060d0,95
0x8060d4,95
0x8060d8,95
0x8060dc,95
0x8060e0,95
0x8060e4,95
0x8060e8,95
0x8060ec,95
0x8060f0,95
0x8060f4,95
0x806148,95
0x80614c,95
0x806150,95
0x806154,95
0x806158,95
0x80615c,95
0x806160,95
0x806164,95
0x806168,95
0x8061a4,95
0x8061a8,95
0x8061ac,95
0x8061b0,95
0x8061b4,95
0x8061b8,95
0x8061bc,95
0x8061c0,95
0x8061c4,95
0x8061c8,95
0x8061cc,95
0x8061d0,95
0x8061d4,95
0x8061d8,95
0x8061dc,95
0x8061e0,95
0x8061e4,95
0x8061e8,95
0x8061ec,95
0x8061f0,95
0x8061f4,95
0x806234,95
0x806238,95
0x80623c,95
0x806240,95
0x806244,95
0x806248,95
0x80624c,95
0x806250,95
0x806254,95
0x806258,95
0x80625c,95
0x806260,95
0x806264,95
0x806268,95
0x80626c,95
0x806270,95
0x806298,95
0x80629c,95
0x8062a0,95
0x8062a4,95
0x8062a8,95
0x8062ac,95
0x8062b0,95
0x8062b4,95
0x8062b8,95
0x8062bc,95
0x8062c0,95
0x8062c4,95
0x8062c8,95
0x8062cc,95
0x8062f8,95
0x8062fc,95
0x806300,95
0x806304,95
0x806690,64
0x806694,64
0x806698,128
0x80669c,128
0x8066a0,64
0x8066a4,64
0x8066a8,64
0x8066ac,64
0x8066b0,64
0x8066b4,64
0x8066b8,64
0x8066bc,64
0x8066c0,64
0x8066c4,64
0x8066c8,64
0x8066cc,64
0x8066d0,64
0x8066d4,64
0x8066d8,64
0x8066dc,64
0x8066e0,64
0x8066e4,64
0x8066e8,64
0x8066ec,64
0x8066f0,64
0x8066f4,64
0x8066f8,64
0x8066fc,64
0x806700,64
0x806704,64
0x806708,64
0x80670c,64
0x806710,64
0x80672c,64
0x806730,64
0x806734,64
0x806738,64
0x80673c,64
0x806740,64
0x806744,64
0x806748,64
0x80674c,64
0x806750,64
0x806754,64
0x806758,64
0x80675c,64
0x806760,64
0x806764,64
0x806768,64
0x80676c,64
0x806770,64
0x806774,64
0x806778,64
0x80677c,64
0x806780,64
0x806784,64
0x806788,64
0x80678c,54
0x806790,54
0x806794,54
0x806798,54
0x80679c,54
0x8067a0,54
0x8067a4,20
0x8067a8,20
0x8067ac,54
0x8067b0,54
0x8067b4,54
0x8067b8,54
0x8067bc,54
0x8067c0,54
0x8071f0,118
0x8071f4,118
0x8071f8,118
0x8071fc,118
0x807200,118
0x807204,118
0x807208,118
0x80720c,118
0x807210,118
0x807214,19
0x807260,30
0x807264,30
0x807268,30
0x80726c,15
0x807270,15
0x807274,15
0x807278,18
0x80727c,18
0x807280,18
0x807284,18
0x807288,18
0x80728c,265
0x807290,265
0x807294,265
0x807298,265
0x80729c,265
0x8072a0,265
0x8072a4,265
0x8072a8,265
0x8072ac,265
0x8072b0,265
0x8072b4,265
0x8072b8,265
0x8072bc,265
0x8072c0,265
0x8072c4,265
0x8072c8,265
0x8072cc,265
0x8072d0,265
0x8072d4,265
0x8072d8,265
0x8072dc,2840
0x8072e0,1213
0x8072e4,1213
0x8072e8,1213
0x8072ec,1213
0x8072f0,1213
0x8072f4,1213
0x8072f8,1213
0x8072fc,1213
0x807300,1627
0x807304,1627
0x807308,1627
0x80730c,1627
0x807310,1627
0x807314,1627
0x807318,2840
0x80731c,2840
0x807320,2840
0x807324,2840
0x807328,2840
0x80732c,2840
0x807330,2840
0x807334,2840
0x807338,2840
0x80733c,2840
0x807340,265
0x807344,265
0x807348,277
0x80734c,277
0x807350,267
0x807354,10
0x807358,10
0x80735c,10
0x807360,10
0x807364,10
0x8077c8,64
0x8077cc,64
0x8077d0,64
0x8077d4,64
0x8077d8,64
0x8077dc,64
0x8077e0,64
0x8077e4,64
0x8077e8,64
0x8077ec,64
0x8077f0,536
0x8077f4,536
0x8077f8,536
0x8077fc,536
0x807800,536
0x807804,536
0x807808,536
0x80780c,536
0x807810,1037
0x807814,1037
0x807818,1037
0x80781c,1037
0x807820,529
0x807824,529
0x807828,529
0x80782c,529
0x807830,529
0x807834,28
0x807838,508
0x80783c,508
0x807840,508
0x807844,508
0x807848,508
0x80784c,36
0x807850,36
0x807854,36
0x807858,28
0x80785c,64
0x807860,64
0x807864,64
0x807868,64
0x80786c,64
0x807870,64
0x807874,64
0x807878,64
0x80791c,285
0x807920,285
0x807924,285
0x807928,285
0x80792c,285
0x807930,2487
0x807934,2487
0x807938,2487
0x80793c,2487
0x807940,2487
0x807944,2487
0x807948,2487
0x80794c,2487
0x807950,4745
0x807954,4745
0x807958,4745
0x80795c,4745
0x807960,2377
0x807964,2377
0x807968,2377
0x80796c,2377
0x807970,2377
0x807974,2377
0x807978,2258
0x80797c,2368
0x807980,2368
0x807984,2368
0x807988,2368
0x80798c,2368
0x807990,2368
0x807994,166
0x807998,166
0x80799c,119
0x8079a0,119
0x8079a4,285
0x8079a8,285
0x8079ac,285
0x8079b0,285
0x8079b4,4887
0x8079b8,4887
0x8079bc,4887
0x8079c0,4887
0x8079c4,4887
0x8079c8,4887
0x8079cc,4887
0x8079d0,4887
0x8079d4,4887
0x8079d8,1708
0x8079e8,3179
0x8079ec,3179
0x8079f0,3179
0x8079f4,3179
0x8079f8,3179
0x8079fc,3179
0x807a00,3179
0x807a04,3179
0x807a08,3179
0x807a0c,3179
0x807a10,3179
0x807a14,3179
0x807a18,4887
0x807a1c,215
0x807a20,215
0x807a24,215
0x807a38,215
0x807a3c,215
0x807a40,215
0x807a44,215
0x807a48,215
0x807a4c,215
0x807a50,215
0x807a54,215
0x807a58,347
0x807a5c,347
0x807a60,347
0x807a70,347
0x807a74,347
0x807a78,347
0x807a7c,347
0x807a80,347
0x807a84,347
0x807a88,347
0x807a8c,347
0x807a90,347
0x807a94,347
0x807a98,347
0x807a9c,347
0x807aa0,347
0x807aa4,347
0x807aa8,16
0x807aac,16
0x807ab0,16
0x807ab4,16
0x807ab8,16
0x807abc,16
0x807ac0,16
0x807ac4,16
0x807ac8,16
0x807acc,16
0x807ad0,16
0x807ad4,16
0x807ad8,16
0x807adc,16
0x807ae0,16
0x807ae4,16
0x807ae8,16
0x807aec,16
0x807af0,16
0x807af4,16
0x807af8,16
0x807afc,16
0x807b00,16
0x807b04,16
0x807b08,16
0x807b0c,16
0x807b10,254
0x807b14,254
0x807b18,254
0x807b1c,254
0x807b20,254
0x807b24,254
0x807b28,254
0x807b2c,254
0x807b30,254
0x807b34,254
0x807b38,254
0x807b3c,254
0x807b40,254
0x807b44,254
0x807b48,254
0x807b4c,254
0x807b50,254
0x807b54,254
0x807b58,254
0x807b5c,1
0x807b60,1
0x807b64,1
0x807b68,1
0x807b6c,1
0x807b70,1
0x807b74,1
0x807b78,1
0x807b7c,1
0x807b80,1
0x807b84,1
0x807b88,1
0x807b8c,1
0x807b90,1
0x807b94,1
0x807b98,1
0x807b9c,1
0x807ba0,1
0x807ba4,1
0x807ba8,1
0x807bac,1
0x807bb0,1
0x807bb4,1
0x807bb8,1
0x807bbc,1
0x807bc0,1
0x807bc4,255
0x807bc8,255
0x807bcc,255
0x807bd0,255
0x807bd4,255
0x807bd8,255
0x807bdc,255
0x807be0,255
0x807be4,1
0x807be8,1
0x807c04,1
0x807c08,1
0x807c0c,1
0x807c10,1
0x807c14,1
0x807c18,1
0x807c1c,1
0x807c20,1
0x807c24,1
0x807c28,1
0x807c2c,1
0x807c30,1
0x807c34,1
0x807c38,1
0x807c3c,1
0x807c40,1
0x807c44,1
0x807c48,1
0x807c4c,1
0x807c50,1
0x807c54,1
0x807c58,1
0x807c5c,1
0x807c60,1
0x807c64,1
0x807c68,1
0x807c6c,1
0x807c70,1
0x807c74,1
0x807c78,1
0x807c7c,1
0x807c80,1
0x807c84,1
0x807c88,1
0x807c8c,1
0x807c90,1
0x807c94,1
0x807c98,1
0x807c9c,1
0x807ca0,1
0x807ca4,1
0x807ca8,1
0x807cac,1
0x807cb0,1
0x807cb4,1
0x807cb8,1
0x807cbc,1
0x807cc0,1
0x807cc4,1
0x807cc8,1
0x807ccc,1
0x807cd0,1
0x807cd4,1
0x807cd8,1
0x807cdc,1
0x807ce0,1
0x807ce4,1
0x807ce8,1
0x807cec,1
0x807cf0,1
0x807cf4,1
0x807cf8,1
0x807cfc,1
0x807d00,1
0x807d04,1
0x807d08,1
0x807d0c,1
0x807d10,1
0x807d14,1
0x807d18,1
0x807d1c,1
0x807d20,1
0x807d24,1
0x807d28,1
0x807d2c,1
0x807d30,1
0x807d34,1
0x807d38,1
0x807d3c,1
0x807d40,1
0x807d44,1
0x807d48,1
0x807d4c,1
0x807d50,1
0x807d54,1
0x807d58,256
0x807d5c,256
0x807d60,256
0x807d64,256
0x807d68,1
0x807d6c,1
0x807d70,1
0x807d74,1
0x807d78,1
0x807e70,1
0x807e74,1
0x807e78,1
0x807e7c,1
0x807e80,1
0x807e84,1
0x807e88,1
0x807e8c,1
0x807e90,1
0x807e94,1
0x807e98,1
0x807e9c,1
0x807ea0,1
0x807ea4,1
0x807ea8,1
0x807eac,1
0x807eb0,1
0x807eb4,1
0x807eb8,1
0x807ebc,1
0x807ec0,1
0x807ec4,1
0x807ec8,1
0x807ecc,1
0x807ed0,1
0x807ed4,1
0x807ed8,1
0x807edc,1
0x807ee0,1
0x807ee4,1
0x807ee8,1
0x807eec,1
0x807ef0,1
0x807ef4,1
0x807ef8,1
0x807efc,1
0x807f00,1
0x807f04,1
0x807f08,1
0x807f0c,1
0x807f10,1
0x807f14,1
0x807f18,1
0x807f1c,1
0x807f20,1
0x807f24,1
0x807f28,1
0x807f2c,1
0x807f30,1
0x807f34,1
0x807f38,1
0x807f3c,1
0x807f40,65
0x807f44,65
0x807f48,64
0x807f4c,64
0x807f50,64
0x807f54,64
0x807f58,64
0x807f5c,64
0x807f60,64
0x807f64,64
0x807f68,64
0x807f6c,64
0x807f70,64
0x807f74,64
0x807f78,64
0x807f7c,64
0x807f80,64
0x807f84,64
0x807f88,64
0x807f8c,64
0x807f90,64
0x807f94,64
0x807f98,64
0x807f9c,64
0x807fa0,64
0x807fa4,64
0x807fa8,64
0x807fac,64
0x807fb0,64
0x807fb4,64
0x807fb8,64
0x807fbc,64
0x807fc0,64
0x807fc4,64
0x807fc8,64
0x807fcc,64
0x807fd0,64
0x807fd4,64
0x80862c,64
0x808630,64
0x808634,64
0x808638,64
0x80863c,64
0x808640,64
0x808644,64
0x808648,64
0x80864c,64
0x808650,64
0x808654,64
0x808658,64
0x80865c,64
0x808660,64
0x808664,64
0x808668,64
0x80866c,64
0x808670,64
0x808674,64
0x808678,64
0x80867c,64
0x808680,64
0x808684,64
0x808688,64
0x80868c,64
0x808690,64
0x808694,64
0x808698,64
0x80869c,1
0x8086a0,1
0x8086a4,1
0x8086a8,1
0x8086ac,1
0x8086b0,1
0x8086b4,1
0x8086b8,1
0x8086bc,1
0x8086c0,1
0x8086c4,1
0x8086c8,5
0x8086cc,5
0x8086d0,5
0x8086d4,4
0x8086d8,4
0x8086dc,4
0x8086e0,4
0x8086e4,4
0x8086f8,4
0x8086fc,4
0x808700,4
0x808704,4
0x808708,4
0x80870c,4
0x808710,4
0x808714,4
0x808718,259
0x80871c,259
0x808720,259
0x808724,259
0x808728,259
0x80872c,259
0x808730,256
0x808734,256
0x808738,256
0x80873c,256
0x808740,256
0x808744,256
0x808748,256
0x80874c,256
0x808750,1
0x808754,1
0x808758,1
0x80875c,3
0x808760,3
0x808764,3
0x808768,3
0x80876c,3
0x808770,3
0x808774,3
0x808778,3
0x80877c,3
0x808780,1
0x808784,1
0x808788,1
0x80878c,1
0x808790,1
0x808794,1
0x808798,1
0x80879c,1
0x8087a0,1
0x8087a4,1
0x8087a8,1
0x8087ac,1
0x8087b0,1
0x8087b4,1
0x8087b8,1
0x8087bc,1
0x8087c0,1
0x8087c4,1
0x8087c8,1
0x8087cc,1
0x8087d0,1
0x8087d4,1
0x8087d8,1
0x8087dc,1
0x8087e0,1
0x8087e4,1
0x8087e8,1
0x8087ec,1
0x8087f0,1
0x8087f4,1
0x8087f8,1
0x8087fc,1
0x808800,3
0x808804,3
0x808808,3
0x80880c,3
0x808810,3
0x808814,3
0x808818,3
0x80881c,3
0x808820,3
0x808824,3
0x808828,24
0x80882c,24
0x808830,24
0x808834,21
0x808838,21
0x80883c,21
0x808840,21
0x808844,21
0x808848,21
0x80884c,21
0x808850,21
0x808854,21
0x808858,21
0x80885c,21
0x808860,21
0x808864,21
0x808868,21
0x80886c,21
0x808870,21
0x808874,21
0x808878,21
0x80887c,21
0x808880,21
0x808884,21
0x808888,21
0x80888c,21
0x808890,21
0x808894,21
0x808898,21
0x80889c,21
0x8088a0,21
0x8088a4,21
0x8088a8,21
0x8088ac,21
0x8088b0,21
0x8088b4,21
0x8088b8,21
0x8088bc,21
0x8088c0,21
0x8088c4,21
0x8088c8,21
0x8088cc,21
0x8088d0,21
0x8088d4,21
0x8088d8,21
0x8088dc,21
0x8088e0,21
0x8088e4,21
0x8088e8,21
0x8088ec,21
0x8088f0,21
0x8088f4,21
0x8088f8,21
0x8088fc,21
0x808900,21
0x808904,21
0x808908,21
0x80890c,21
0x808910,21
0x808914,21
0x808918,21
0x80891c,21
0x808920,21
0x808924,21
0x808928,21
0x80892c,21
0x808930,21
0x808934,21
0x808938,21
0x80893c,21
0x808940,21
0x808944,21
0x808978,21
0x80897c,21
0x808980,21
0x808984,21
0x808988,21
0x80898c,21
0x808990,21
0x808994,21
0x808998,21
0x80899c,21
0x8089a0,21
0x8089a4,21
0x8089a8,21
0x8089ac,21
0x8089b0,21
0x8089b4,21
0x8089b8,21
0x8089bc,21
0x8089c0,21
0x8089c4,21
0x8089c8,21
0x8089cc,20
0x8089d0,20
0x8089d4,20
0x8089d8,20
0x8089dc,20
0x8089e0,20
0x8089e4,20
0x8089e8,20
0x8089ec,20
0x8089f0,20
0x8089f4,20
0x8089f8,20
0x8089fc,20
0x808a00,20
0x808a04,20
0x808a08,20
0x808a0c,1
0x808a10,1
0x808a14,1
0x808a18,1
0x808a1c,1
0x808a20,1
0x808a24,1
0x808a28,1
0x808a2c,1
0x808a30,1
0x808a34,1
0x808a38,1
0x808a3c,1
0x808a40,1
0x808a44,1
0x808a48,1
0x808a4c,1
0x808a50,1
0x808a54,1
0x808a58,1
0x808a5c,1
0x808a60,1
0x808a64,1
0x808a68,1
0x808a6c,1
0x808a70,1
0x808a74,1
0x808a78,1
0x808a7c,1
0x808a80,1
0x808a84,1
0x808a88,1
0x808a8c,1
0x808a90,1
0x808a94,1
0x808a98,1
0x808a9c,1
0x808aa0,1
0x808aa4,1
0x808aa8,1
0x808aac,1
0x808ab0,1
0x808ab4,1
0x808ab8,1
0x808abc,1
0x808ac0,1
0x808ac4,1
0x808ac8,1
0x808acc,1
0x808ad0,1
0x808ad4,1
0x808ad8,21
0x808adc,21
0x808ae0,21
0x808ae4,21
0x808ae8,21
0x808aec,21
0x808af0,21
0x808af4,21
0x808af8,21
0x808afc,21
0x808b00,21
0x808b04,21
0x808b08,21
0x808b0c,21
0x808b10,21
0x808b14,21
0x808b18,21
0x808b1c,21
0x808b20,21
0x808b24,21
0x808b28,21
0x808b2c,21
0x808b30,21
0x808b34,21
0x808b38,21
0x808b3c,21
0x808b40,21
0x808b44,21
0x808b84,21
0x808b88,21
0x808b8c,21
0x808b90,21
0x808b94,21
0x808b98,21
0x808b9c,21
0x808ba0,21
0x808ba4,21
0x808ba8,21
0x808bac,21
0x808bb0,21
0x808bb4,21
0x808bb8,21
0x808bbc,21
0x808bc0,21
0x808bc4,21
0x808bc8,21
0x808bcc,21
0x808bd0,19
0x808bd4,19
0x808bd8,19
0x808bdc,19
0x808be0,19
0x808be4,19
0x808be8,19
0x808bec,19
0x808bf0,19
0x808bf4,19
0x808bf8,19
0x808bfc,19
0x808c00,19
0x808c04,19
0x808c08,19
0x808c0c,19
0x808c10,19
0x808c14,19
0x808c18,19
0x808c1c,2
0x808c20,2
0x808c24,2
0x808c28,2
0x808c2c,2
0x808c30,2
0x808c34,2
0x808c38,2
0x808c3c,2
0x808c40,2
0x808c44,2
0x808c48,2
0x808c4c,2
0x808c50,2
0x808c54,2
0x808c58,21
0x808c5c,21
0x808c60,21
0x808c64,21
0x808c68,21
0x808c6c,21
0x808c70,21
0x808c74,21
0x808c78,21
0x808c7c,21
0x808c80,21
0x808c84,21
0x808c88,21
0x808c8c,21
0x808c90,21
0x808c94,21
0x808c98,21
0x808c9c,21
0x808ca0,21
0x808ca4,21
0x808ca8,21
0x808cac,21
0x808cb0,21
0x808cb4,21
0x808cb8,21
0x808cbc,21
0x808cc0,21
0x808cc4,21
0x808cc8,21
0x808ccc,21
0x808cd0,21
0x808cd4,21
0x808d00,21
0x808d04,21
0x808d08,21
0x808d0c,21
0x808d10,21
0x808d14,21
0x808d18,21
0x808d1c,21
0x808d20,21
0x808d24,21
0x808d28,21
0x808d2c,21
0x808d30,21
0x808d34,21
0x808d38,21
0x808d3c,21
0x808d40,21
0x808d44,21
0x808d48,21
0x808d4c,21
0x808d50,21
0x808d54,21
0x808d58,21
0x808d5c,21
0x808d60,21
0x808d64,21
0x808d68,21
0x808d6c,21
0x8092bc,3
0x8092c0,3
0x8092c4,3
0x8092c8,3
0x8092cc,3
0x8092d0,3
0x8092d4,3
0x8092e0,3
0x8092e4,3
0x8092e8,3
0x8092ec,3
0x8092f0,3
0x80a060,3
0x80a064,3
0x80a068,3
0x80a06c,3
0x80a070,3
0x80a074,3
0x80a078,3
0x80a07c,3
0x80a080,3
0x80a084,3
0x80a088,3
0x80a08c,3
0x80a090,2
0x80a094,1
0x80a0c0,7
0x80a0c4,7
0x80a0c8,7
0x80a0cc,7
0x80a0d0,7
0x80a0d4,7
0x80a0d8,7
0x80a0dc,7
0x80a0e0,7
0x80a0e4,7
0x80a0e8,7
0x80a0ec,7
0x80a0f0,7
0x80a0f4,7
0x80a0f8,7
0x80a0fc,7
0x80a100,7
0x80a104,7
0x80a108,7
0x80a10c,7
0x80a110,7
0x80a114,7
0x80a118,7
0x80a11c,7
0x80a120,7
0x80a124,7
0x80a128,7
0x80a12c,21
0x80a130,21
0x80a134,21
0x80a138,21
0x80a13c,21
0x80a140,21
0x80a144,21
0x80a148,21
0x80a14c,21
0x80a150,21
0x80a154,21
0x80a158,21
0x80a15c,21
0x80a160,21
0x80a164,21
0x80a168,21
0x80a16c,21
0x80a170,21
0x80a174,21
0x80a178,21
0x80a17c,21
0x80ab34,60
0x80ab38,60
0x80ab3c,60
0x80ab40,60
0x80ab44,60
0x80ab48,60
0x80ab4c,60
0x80ab50,60
0x80ab54,60
0x80ab58,60
0x80ab5c,60
0x80ab60,60
0x80ab64,60
0x80ab68,60
0x80ab6c,60
0x80ab70,60
0x80ab74,60
0x80ab78,60
0x80ab7c,60
0x80ab80,60
0x80ab84,60
0x80ab88,60
0x80ab8c,60
0x80ab90,60
0x80ab94,60
0x80ab98,60
0x80ab9c,722
0x80aba0,722
0x80aba4,722
0x80aba8,722
0x80abac,722
0x80abb0,722
0x80abb4,722
0x80abb8,722
0x80abbc,722
0x80abc0,722
0x80abc4,1314
0x80abc8,1314
0x80abcc,1314
0x80abd0,1314
0x80abd4,1314
0x80abd8,1314
0x80abdc,1314
0x80abe0,1314
0x80abe4,1314
0x80abe8,1314
0x80abec,1314
0x80abf0,1314
0x80abf4,1314
0x80abf8,1314
0x80abfc,1314
0x80ac00,1314
0x80ac04,1314
0x80ac08,1314
0x80ac0c,1314
0x80ac10,610
0x80ac14,610
0x80ac18,610
0x80ac1c,610
0x80ac20,610
0x80ac24,610
0x80ac28,610
0x80ac2c,610
0x80ac30,610
0x80ac34,610
0x80ac38,592
0x80ac3c,704
0x80ac40,704
0x80ac44,704
0x80ac48,704
0x80ac4c,704
0x80ac50,704
0x80ac54,704
0x80ac58,704
0x80ac5c,704
0x80ac60,704
0x80ac64,704
0x80ac68,704
0x80ac6c,704
0x80ac70,704
0x80ac74,704
0x80ac78,704
0x80ac7c,42
0x80ac80,42
0x80ac84,18
0x80ac88,18
0x80ac8c,18
0x80ac90,18
0x80ac94,60
0x80ac98,60
0x80ac9c,60
0x80aca0,60
0x80aca4,60
0x80aca8,60
0x80acac,60
0x80acb0,60
0x80acb4,60
0x80acb8,60
0x80acbc,60
0x80acc0,60
0x80acc4,60
0x80acc8,60
0x80accc,60
0x80acd0,60
0x80acd4,60
0x80acd8,60
0x80ad40,320
0x80ad44,320
0x80ad48,320
0x80ad4c,320
0x80ad50,320
0x80ad54,320
0x80ad58,320
0x80ad5c,320
0x80ad60,320
0x80ad64,320
0x80ad68,320
0x80ad6c,320
0x80ad70,320
0x80ad74,320
0x80ad78,320
0x80ad7c,320
0x80ad80,320
0x80ad84,320
0x80ad88,320
0x80ad8c,320
0x80ad90,320
0x80ad94,320
0x80ad98,320
0x80ad9c,320
0x80ada0,320
0x80ada4,320
0x80ada8,320
0x80adac,320
0x80adb0,320
0x80adb4,320
0x80adb8,320
0x80adbc,320
0x80adc0,320
0x80adc4,320
0x80adc8,320
0x80adcc,320
0x80add0,88
0x80add4,88
0x80add8,88
0x80addc,88
0x80ade0,88
0x80ade4,88
0x80ade8,88
0x80adec,88
0x80adf0,88
0x80adf4,248
0x80adf8,248
0x80adfc,248
0x80ae00,23
0x80ae04,23
0x80ae08,23
0x80ae0c,23
0x80ae10,23
0x80ae14,23
0x80ae18,23
0x80ae1c,23
0x80ae20,23
0x80ae24,23
0x80ae28,23
0x80ae2c,23
0x80ae30,23
0x80ae34,320
0x80ae38,320
0x80ae3c,320
0x80ae40,320
0x80ae44,320
0x80ae48,320
0x80ae4c,320
0x80ae50,320
0x80ae54,320
0x80ae58,320
0x80ae5c,320
0x80ae60,320
0x80ae64,88
0x80ae68,88
0x80ae6c,352
0x80ae70,352
0x80ae74,352
0x80ae78,352
0x80ae7c,352
0x80ae80,352
0x80ae84,352
0x80ae88,352
0x80ae8c,88
0x80ae90,2
0x80ae94,2
0x80ae98,2
0x80ae9c,2
0x80aea0,2
0x80aea4,2
0x80aea8,2
0x80aeac,2
0x80aeb0,2
0x80aeb4,2
0x80aeb8,2
0x80aebc,2
0x80aec0,2
0x80aec4,2
0x80aec8,2
0x80aecc,2
0x80aed0,2
0x80aed4,18
0x80aed8,18
0x80aedc,18
0x80aee0,18
0x80aee4,18
0x80aee8,18
0x80aeec,18
0x80aef0,18
0x80aef4,18
0x80aef8,18
0x80aefc,17
0x80af00,18
0x80af04,18
0x80af08,18
0x80af0c,18
0x80af10,18
0x80af14,1
0x80af18,1
0x80af1c,1
0x80af68,1
0x80af6c,1
0x80af70,1
0x80af74,1
0x80af78,1
0x80af7c,1
0x80af80,1
0x80b128,31701
0x80b12c,3523983
0x80b130,3523983
0x80b134,3492282
0x80b138,3492282
0x80b13c,3492282
0x80b140,3492282
0x80b144,3492282
0x80b148,3492282
0x80b14c,3492282
0x80b150,3492282
0x80b154,3492282
0x80b158,3492282
0x80b15c,3492282
0x80b160,3492282
0x80b164,3492282
0x80b168,3492282
0x80b16c,3492282
0x80b170,3492282
0x80b174,3492282
0x80b178,3492282
0x80b17c,3492282
0x80b180,3492282
0x80b184,61430
0x80b188,61430
0x80b18c,61430
0x80b190,61430
0x80b194,61430
0x80b198,93131
0x80b19c,31701
0x80b1a0,4
0x80b1a4,4
0x80b1a8,4
0x80b1ac,15172
0x80b1b0,15172
0x80b1b4,15172
0x80b1b8,4
