era,arm,chunk,raw,compressed,ctx_bytes
2025-01-06_median,none,0,1048576,244965,0
2025-01-06_median,none,1,1048576,229102,0
2025-01-06_median,none,2,1048576,228417,0
2025-01-06_median,none,3,1048576,231226,0
2025-01-06_median,none,4,1048576,231006,0
2025-01-06_median,none,5,1048576,230748,0
2025-01-06_median,none,6,1048576,241817,0
2025-01-06_median,none,7,1048576,220890,0
2025-01-06_median,none,8,1048576,221357,0
2025-01-06_median,none,9,1048576,208593,0
2025-01-06_median,none,10,1048576,191883,0
2025-01-06_median,none,11,1048576,185827,0
2025-01-06_median,none,12,1048576,200954,0
2025-01-06_median,none,13,1048576,228385,0
2025-01-06_median,dict-2025,0,1048576,238329,65536
2025-01-06_median,dict-2025,1,1048576,221813,65536
2025-01-06_median,dict-2025,2,1048576,221721,65536
2025-01-06_median,dict-2025,3,1048576,224698,65536
2025-01-06_median,dict-2025,4,1048576,224515,65536
2025-01-06_median,dict-2025,5,1048576,224188,65536
2025-01-06_median,dict-2025,6,1048576,235146,65536
2025-01-06_median,dict-2025,7,1048576,213705,65536
2025-01-06_median,dict-2025,8,1048576,214034,65536
2025-01-06_median,dict-2025,9,1048576,201275,65536
2025-01-06_median,dict-2025,10,1048576,186023,65536
2025-01-06_median,dict-2025,11,1048576,179023,65536
2025-01-06_median,dict-2025,12,1048576,194356,65536
2025-01-06_median,dict-2025,13,1048576,221438,65536
2025-01-06_median,dict-fresh,0,1048576,236102,65536
2025-01-06_median,dict-fresh,1,1048576,219551,65536
2025-01-06_median,dict-fresh,2,1048576,219220,65536
2025-01-06_median,dict-fresh,3,1048576,222149,65536
2025-01-06_median,dict-fresh,4,1048576,221715,65536
2025-01-06_median,dict-fresh,5,1048576,222720,65536
2025-01-06_median,dict-fresh,6,1048576,233199,65536
2025-01-06_median,dict-fresh,7,1048576,211939,65536
2025-01-06_median,dict-fresh,8,1048576,212989,65536
2025-01-06_median,dict-fresh,9,1048576,199745,65536
2025-01-06_median,dict-fresh,10,1048576,182484,65536
2025-01-06_median,dict-fresh,11,1048576,177336,65536
2025-01-06_median,dict-fresh,12,1048576,192397,65536
2025-01-06_median,dict-fresh,13,1048576,219778,65536
2025-01-06_median,prefix-2MiB,0,1048576,244965,0
2025-01-06_median,prefix-2MiB,1,1048576,202617,1048576
2025-01-06_median,prefix-2MiB,2,1048576,198819,2097152
2025-01-06_median,prefix-2MiB,3,1048576,198782,2097152
2025-01-06_median,prefix-2MiB,4,1048576,203331,2097152
2025-01-06_median,prefix-2MiB,5,1048576,201878,2097152
2025-01-06_median,prefix-2MiB,6,1048576,214732,2097152
2025-01-06_median,prefix-2MiB,7,1048576,193006,2097152
2025-01-06_median,prefix-2MiB,8,1048576,193820,2097152
2025-01-06_median,prefix-2MiB,9,1048576,179379,2097152
2025-01-06_median,prefix-2MiB,10,1048576,164119,2097152
2025-01-06_median,prefix-2MiB,11,1048576,158493,2097152
2025-01-06_median,prefix-2MiB,12,1048576,174733,2097152
2025-01-06_median,prefix-2MiB,13,1048576,201671,2097152
2025-01-06_median,prefix-1MiB,0,1048576,244965,0
2025-01-06_median,prefix-1MiB,1,1048576,202617,1048576
2025-01-06_median,prefix-1MiB,2,1048576,203564,1048576
2025-01-06_median,prefix-1MiB,3,1048576,202996,1048576
2025-01-06_median,prefix-1MiB,4,1048576,207293,1048576
2025-01-06_median,prefix-1MiB,5,1048576,205873,1048576
2025-01-06_median,prefix-1MiB,6,1048576,218411,1048576
2025-01-06_median,prefix-1MiB,7,1048576,197328,1048576
2025-01-06_median,prefix-1MiB,8,1048576,198618,1048576
2025-01-06_median,prefix-1MiB,9,1048576,185854,1048576
2025-01-06_median,prefix-1MiB,10,1048576,168216,1048576
2025-01-06_median,prefix-1MiB,11,1048576,162830,1048576
2025-01-06_median,prefix-1MiB,12,1048576,179015,1048576
2025-01-06_median,prefix-1MiB,13,1048576,205665,1048576
2025-01-06_median,prefix-512KiB,0,1048576,244965,0
2025-01-06_median,prefix-512KiB,1,1048576,208675,524288
2025-01-06_median,prefix-512KiB,2,1048576,208317,524288
2025-01-06_median,prefix-512KiB,3,1048576,210247,524288
2025-01-06_median,prefix-512KiB,4,1048576,211731,524288
2025-01-06_median,prefix-512KiB,5,1048576,211047,524288
2025-01-06_median,prefix-512KiB,6,1048576,223668,524288
2025-01-06_median,prefix-512KiB,7,1048576,204547,524288
2025-01-06_median,prefix-512KiB,8,1048576,203743,524288
2025-01-06_median,prefix-512KiB,9,1048576,190221,524288
2025-01-06_median,prefix-512KiB,10,1048576,172904,524288
2025-01-06_median,prefix-512KiB,11,1048576,167702,524288
2025-01-06_median,prefix-512KiB,12,1048576,182837,524288
2025-01-06_median,prefix-512KiB,13,1048576,209865,524288
2025-01-06_median,prefix-2MiB+dict-fresh,0,1048576,232629,65536
2025-01-06_median,prefix-2MiB+dict-fresh,1,1048576,200378,1114112
2025-01-06_median,prefix-2MiB+dict-fresh,2,1048576,196983,2162688
2025-01-06_median,prefix-2MiB+dict-fresh,3,1048576,197519,2162688
2025-01-06_median,prefix-2MiB+dict-fresh,4,1048576,201559,2162688
2025-01-06_median,prefix-2MiB+dict-fresh,5,1048576,201096,2162688
2025-01-06_median,prefix-2MiB+dict-fresh,6,1048576,212674,2162688
2025-01-06_median,prefix-2MiB+dict-fresh,7,1048576,191511,2162688
2025-01-06_median,prefix-2MiB+dict-fresh,8,1048576,191309,2162688
2025-01-06_median,prefix-2MiB+dict-fresh,9,1048576,178340,2162688
2025-01-06_median,prefix-2MiB+dict-fresh,10,1048576,162026,2162688
2025-01-06_median,prefix-2MiB+dict-fresh,11,1048576,157821,2162688
2025-01-06_median,prefix-2MiB+dict-fresh,12,1048576,173336,2162688
2025-01-06_median,prefix-2MiB+dict-fresh,13,1048576,201026,2162688
2025-01-06_median,prefix-1MiB+dict-fresh,0,1048576,232629,65536
2025-01-06_median,prefix-1MiB+dict-fresh,1,1048576,200378,1114112
2025-01-06_median,prefix-1MiB+dict-fresh,2,1048576,201185,1114112
2025-01-06_median,prefix-1MiB+dict-fresh,3,1048576,201170,1114112
2025-01-06_median,prefix-1MiB+dict-fresh,4,1048576,205089,1114112
2025-01-06_median,prefix-1MiB+dict-fresh,5,1048576,204713,1114112
2025-01-06_median,prefix-1MiB+dict-fresh,6,1048576,215988,1114112
2025-01-06_median,prefix-1MiB+dict-fresh,7,1048576,195305,1114112
2025-01-06_median,prefix-1MiB+dict-fresh,8,1048576,195714,1114112
2025-01-06_median,prefix-1MiB+dict-fresh,9,1048576,182732,1114112
2025-01-06_median,prefix-1MiB+dict-fresh,10,1048576,165631,1114112
2025-01-06_median,prefix-1MiB+dict-fresh,11,1048576,161389,1114112
2025-01-06_median,prefix-1MiB+dict-fresh,12,1048576,177106,1114112
2025-01-06_median,prefix-1MiB+dict-fresh,13,1048576,204425,1114112
2025-01-06_median,prefix-512KiB+dict-fresh,0,1048576,232629,65536
2025-01-06_median,prefix-512KiB+dict-fresh,1,1048576,205117,589824
2025-01-06_median,prefix-512KiB+dict-fresh,2,1048576,204705,589824
2025-01-06_median,prefix-512KiB+dict-fresh,3,1048576,205767,589824
2025-01-06_median,prefix-512KiB+dict-fresh,4,1048576,208769,589824
2025-01-06_median,prefix-512KiB+dict-fresh,5,1048576,208614,589824
2025-01-06_median,prefix-512KiB+dict-fresh,6,1048576,220406,589824
2025-01-06_median,prefix-512KiB+dict-fresh,7,1048576,199912,589824
2025-01-06_median,prefix-512KiB+dict-fresh,8,1048576,199778,589824
2025-01-06_median,prefix-512KiB+dict-fresh,9,1048576,186543,589824
2025-01-06_median,prefix-512KiB+dict-fresh,10,1048576,169568,589824
2025-01-06_median,prefix-512KiB+dict-fresh,11,1048576,165029,589824
2025-01-06_median,prefix-512KiB+dict-fresh,12,1048576,180378,589824
2025-01-06_median,prefix-512KiB+dict-fresh,13,1048576,208011,589824
2025-01-06_median,prefix-2MiB+dict-2025,0,1048576,234791,65536
2025-01-06_median,prefix-2MiB+dict-2025,1,1048576,200354,1114112
2025-01-06_median,prefix-2MiB+dict-2025,2,1048576,198169,2162688
2025-01-06_median,prefix-2MiB+dict-2025,3,1048576,198099,2162688
2025-01-06_median,prefix-2MiB+dict-2025,4,1048576,202544,2162688
2025-01-06_median,prefix-2MiB+dict-2025,5,1048576,201188,2162688
2025-01-06_median,prefix-2MiB+dict-2025,6,1048576,213194,2162688
2025-01-06_median,prefix-2MiB+dict-2025,7,1048576,191588,2162688
2025-01-06_median,prefix-2MiB+dict-2025,8,1048576,192439,2162688
2025-01-06_median,prefix-2MiB+dict-2025,9,1048576,178182,2162688
2025-01-06_median,prefix-2MiB+dict-2025,10,1048576,163655,2162688
2025-01-06_median,prefix-2MiB+dict-2025,11,1048576,157659,2162688
2025-01-06_median,prefix-2MiB+dict-2025,12,1048576,173753,2162688
2025-01-06_median,prefix-2MiB+dict-2025,13,1048576,200185,2162688
2025-01-06_median,prefix-1MiB+dict-2025,0,1048576,234791,65536
2025-01-06_median,prefix-1MiB+dict-2025,1,1048576,200354,1114112
2025-01-06_median,prefix-1MiB+dict-2025,2,1048576,201937,1114112
2025-01-06_median,prefix-1MiB+dict-2025,3,1048576,201639,1114112
2025-01-06_median,prefix-1MiB+dict-2025,4,1048576,205755,1114112
2025-01-06_median,prefix-1MiB+dict-2025,5,1048576,204444,1114112
2025-01-06_median,prefix-1MiB+dict-2025,6,1048576,216081,1114112
2025-01-06_median,prefix-1MiB+dict-2025,7,1048576,195062,1114112
2025-01-06_median,prefix-1MiB+dict-2025,8,1048576,195934,1114112
2025-01-06_median,prefix-1MiB+dict-2025,9,1048576,183522,1114112
2025-01-06_median,prefix-1MiB+dict-2025,10,1048576,166958,1114112
2025-01-06_median,prefix-1MiB+dict-2025,11,1048576,160517,1114112
2025-01-06_median,prefix-1MiB+dict-2025,12,1048576,177257,1114112
2025-01-06_median,prefix-1MiB+dict-2025,13,1048576,203350,1114112
2025-01-06_median,prefix-512KiB+dict-2025,0,1048576,234791,65536
2025-01-06_median,prefix-512KiB+dict-2025,1,1048576,205006,589824
2025-01-06_median,prefix-512KiB+dict-2025,2,1048576,205087,589824
2025-01-06_median,prefix-512KiB+dict-2025,3,1048576,207338,589824
2025-01-06_median,prefix-512KiB+dict-2025,4,1048576,208943,589824
2025-01-06_median,prefix-512KiB+dict-2025,5,1048576,208066,589824
2025-01-06_median,prefix-512KiB+dict-2025,6,1048576,220019,589824
2025-01-06_median,prefix-512KiB+dict-2025,7,1048576,201001,589824
2025-01-06_median,prefix-512KiB+dict-2025,8,1048576,199680,589824
2025-01-06_median,prefix-512KiB+dict-2025,9,1048576,186901,589824
2025-01-06_median,prefix-512KiB+dict-2025,10,1048576,170996,589824
2025-01-06_median,prefix-512KiB+dict-2025,11,1048576,163971,589824
2025-01-06_median,prefix-512KiB+dict-2025,12,1048576,180105,589824
2025-01-06_median,prefix-512KiB+dict-2025,13,1048576,206705,589824
2025-09-25_busy,none,0,1048576,135753,0
2025-09-25_busy,none,1,1048576,154276,0
2025-09-25_busy,none,2,1048576,173938,0
2025-09-25_busy,none,3,1048576,145598,0
2025-09-25_busy,none,4,1048576,141702,0
2025-09-25_busy,none,5,1048576,148107,0
2025-09-25_busy,none,6,1048576,149659,0
2025-09-25_busy,none,7,1048576,143805,0
2025-09-25_busy,none,8,1048576,152443,0
2025-09-25_busy,none,9,1048576,155329,0
2025-09-25_busy,none,10,1048576,144157,0
2025-09-25_busy,none,11,1048576,157525,0
2025-09-25_busy,none,12,1048576,165447,0
2025-09-25_busy,none,13,1048576,161216,0
2025-09-25_busy,dict-2025,0,1048576,131974,65536
2025-09-25_busy,dict-2025,1,1048576,150640,65536
2025-09-25_busy,dict-2025,2,1048576,170916,65536
2025-09-25_busy,dict-2025,3,1048576,142808,65536
2025-09-25_busy,dict-2025,4,1048576,137415,65536
2025-09-25_busy,dict-2025,5,1048576,145191,65536
2025-09-25_busy,dict-2025,6,1048576,146596,65536
2025-09-25_busy,dict-2025,7,1048576,140527,65536
2025-09-25_busy,dict-2025,8,1048576,149130,65536
2025-09-25_busy,dict-2025,9,1048576,152207,65536
2025-09-25_busy,dict-2025,10,1048576,141176,65536
2025-09-25_busy,dict-2025,11,1048576,154334,65536
2025-09-25_busy,dict-2025,12,1048576,161997,65536
2025-09-25_busy,dict-2025,13,1048576,158420,65536
2025-09-25_busy,dict-fresh,0,1048576,129780,65536
2025-09-25_busy,dict-fresh,1,1048576,147911,65536
2025-09-25_busy,dict-fresh,2,1048576,166655,65536
2025-09-25_busy,dict-fresh,3,1048576,139257,65536
2025-09-25_busy,dict-fresh,4,1048576,134504,65536
2025-09-25_busy,dict-fresh,5,1048576,141406,65536
2025-09-25_busy,dict-fresh,6,1048576,143317,65536
2025-09-25_busy,dict-fresh,7,1048576,137247,65536
2025-09-25_busy,dict-fresh,8,1048576,145414,65536
2025-09-25_busy,dict-fresh,9,1048576,149616,65536
2025-09-25_busy,dict-fresh,10,1048576,136612,65536
2025-09-25_busy,dict-fresh,11,1048576,150638,65536
2025-09-25_busy,dict-fresh,12,1048576,158695,65536
2025-09-25_busy,dict-fresh,13,1048576,155643,65536
2025-09-25_busy,prefix-2MiB,0,1048576,135753,0
2025-09-25_busy,prefix-2MiB,1,1048576,137090,1048576
2025-09-25_busy,prefix-2MiB,2,1048576,149772,2097152
2025-09-25_busy,prefix-2MiB,3,1048576,122435,2097152
2025-09-25_busy,prefix-2MiB,4,1048576,119511,2097152
2025-09-25_busy,prefix-2MiB,5,1048576,124367,2097152
2025-09-25_busy,prefix-2MiB,6,1048576,126392,2097152
2025-09-25_busy,prefix-2MiB,7,1048576,120095,2097152
2025-09-25_busy,prefix-2MiB,8,1048576,128268,2097152
2025-09-25_busy,prefix-2MiB,9,1048576,130284,2097152
2025-09-25_busy,prefix-2MiB,10,1048576,122368,2097152
2025-09-25_busy,prefix-2MiB,11,1048576,133586,2097152
2025-09-25_busy,prefix-2MiB,12,1048576,143069,2097152
2025-09-25_busy,prefix-2MiB,13,1048576,137358,2097152
2025-09-25_busy,prefix-1MiB,0,1048576,135753,0
2025-09-25_busy,prefix-1MiB,1,1048576,137090,1048576
2025-09-25_busy,prefix-1MiB,2,1048576,154439,1048576
2025-09-25_busy,prefix-1MiB,3,1048576,125880,1048576
2025-09-25_busy,prefix-1MiB,4,1048576,123345,1048576
2025-09-25_busy,prefix-1MiB,5,1048576,128443,1048576
2025-09-25_busy,prefix-1MiB,6,1048576,129643,1048576
2025-09-25_busy,prefix-1MiB,7,1048576,124285,1048576
2025-09-25_busy,prefix-1MiB,8,1048576,131819,1048576
2025-09-25_busy,prefix-1MiB,9,1048576,133576,1048576
2025-09-25_busy,prefix-1MiB,10,1048576,126315,1048576
2025-09-25_busy,prefix-1MiB,11,1048576,137350,1048576
2025-09-25_busy,prefix-1MiB,12,1048576,147265,1048576
2025-09-25_busy,prefix-1MiB,13,1048576,141203,1048576
2025-09-25_busy,prefix-512KiB,0,1048576,135753,0
2025-09-25_busy,prefix-512KiB,1,1048576,139688,524288
2025-09-25_busy,prefix-512KiB,2,1048576,159097,524288
2025-09-25_busy,prefix-512KiB,3,1048576,130301,524288
2025-09-25_busy,prefix-512KiB,4,1048576,127350,524288
2025-09-25_busy,prefix-512KiB,5,1048576,133253,524288
2025-09-25_busy,prefix-512KiB,6,1048576,134299,524288
2025-09-25_busy,prefix-512KiB,7,1048576,128869,524288
2025-09-25_busy,prefix-512KiB,8,1048576,135713,524288
2025-09-25_busy,prefix-512KiB,9,1048576,139003,524288
2025-09-25_busy,prefix-512KiB,10,1048576,129882,524288
2025-09-25_busy,prefix-512KiB,11,1048576,141745,524288
2025-09-25_busy,prefix-512KiB,12,1048576,150151,524288
2025-09-25_busy,prefix-512KiB,13,1048576,144629,524288
2025-09-25_busy,prefix-2MiB+dict-fresh,0,1048576,127117,65536
2025-09-25_busy,prefix-2MiB+dict-fresh,1,1048576,135133,1114112
2025-09-25_busy,prefix-2MiB+dict-fresh,2,1048576,148216,2162688
2025-09-25_busy,prefix-2MiB+dict-fresh,3,1048576,121594,2162688
2025-09-25_busy,prefix-2MiB+dict-fresh,4,1048576,118239,2162688
2025-09-25_busy,prefix-2MiB+dict-fresh,5,1048576,123212,2162688
2025-09-25_busy,prefix-2MiB+dict-fresh,6,1048576,125499,2162688
2025-09-25_busy,prefix-2MiB+dict-fresh,7,1048576,118724,2162688
2025-09-25_busy,prefix-2MiB+dict-fresh,8,1048576,126962,2162688
2025-09-25_busy,prefix-2MiB+dict-fresh,9,1048576,129289,2162688
2025-09-25_busy,prefix-2MiB+dict-fresh,10,1048576,120312,2162688
2025-09-25_busy,prefix-2MiB+dict-fresh,11,1048576,132283,2162688
2025-09-25_busy,prefix-2MiB+dict-fresh,12,1048576,141657,2162688
2025-09-25_busy,prefix-2MiB+dict-fresh,13,1048576,136752,2162688
2025-09-25_busy,prefix-1MiB+dict-fresh,0,1048576,127117,65536
2025-09-25_busy,prefix-1MiB+dict-fresh,1,1048576,135133,1114112
2025-09-25_busy,prefix-1MiB+dict-fresh,2,1048576,152221,1114112
2025-09-25_busy,prefix-1MiB+dict-fresh,3,1048576,124616,1114112
2025-09-25_busy,prefix-1MiB+dict-fresh,4,1048576,121326,1114112
2025-09-25_busy,prefix-1MiB+dict-fresh,5,1048576,126788,1114112
2025-09-25_busy,prefix-1MiB+dict-fresh,6,1048576,128317,1114112
2025-09-25_busy,prefix-1MiB+dict-fresh,7,1048576,122237,1114112
2025-09-25_busy,prefix-1MiB+dict-fresh,8,1048576,129995,1114112
2025-09-25_busy,prefix-1MiB+dict-fresh,9,1048576,132262,1114112
2025-09-25_busy,prefix-1MiB+dict-fresh,10,1048576,123279,1114112
2025-09-25_busy,prefix-1MiB+dict-fresh,11,1048576,135752,1114112
2025-09-25_busy,prefix-1MiB+dict-fresh,12,1048576,145193,1114112
2025-09-25_busy,prefix-1MiB+dict-fresh,13,1048576,140021,1114112
2025-09-25_busy,prefix-512KiB+dict-fresh,0,1048576,127117,65536
2025-09-25_busy,prefix-512KiB+dict-fresh,1,1048576,136875,589824
2025-09-25_busy,prefix-512KiB+dict-fresh,2,1048576,155448,589824
2025-09-25_busy,prefix-512KiB+dict-fresh,3,1048576,128158,589824
2025-09-25_busy,prefix-512KiB+dict-fresh,4,1048576,124441,589824
2025-09-25_busy,prefix-512KiB+dict-fresh,5,1048576,130008,589824
2025-09-25_busy,prefix-512KiB+dict-fresh,6,1048576,132135,589824
2025-09-25_busy,prefix-512KiB+dict-fresh,7,1048576,125623,589824
2025-09-25_busy,prefix-512KiB+dict-fresh,8,1048576,133027,589824
2025-09-25_busy,prefix-512KiB+dict-fresh,9,1048576,136761,589824
2025-09-25_busy,prefix-512KiB+dict-fresh,10,1048576,125906,589824
2025-09-25_busy,prefix-512KiB+dict-fresh,11,1048576,138989,589824
2025-09-25_busy,prefix-512KiB+dict-fresh,12,1048576,147044,589824
2025-09-25_busy,prefix-512KiB+dict-fresh,13,1048576,142597,589824
2025-09-25_busy,prefix-2MiB+dict-2025,0,1048576,129298,65536
2025-09-25_busy,prefix-2MiB+dict-2025,1,1048576,134746,1114112
2025-09-25_busy,prefix-2MiB+dict-2025,2,1048576,149067,2162688
2025-09-25_busy,prefix-2MiB+dict-2025,3,1048576,121849,2162688
2025-09-25_busy,prefix-2MiB+dict-2025,4,1048576,117951,2162688
2025-09-25_busy,prefix-2MiB+dict-2025,5,1048576,123407,2162688
2025-09-25_busy,prefix-2MiB+dict-2025,6,1048576,125575,2162688
2025-09-25_busy,prefix-2MiB+dict-2025,7,1048576,118838,2162688
2025-09-25_busy,prefix-2MiB+dict-2025,8,1048576,127317,2162688
2025-09-25_busy,prefix-2MiB+dict-2025,9,1048576,129238,2162688
2025-09-25_busy,prefix-2MiB+dict-2025,10,1048576,121297,2162688
2025-09-25_busy,prefix-2MiB+dict-2025,11,1048576,132730,2162688
2025-09-25_busy,prefix-2MiB+dict-2025,12,1048576,141986,2162688
2025-09-25_busy,prefix-2MiB+dict-2025,13,1048576,136363,2162688
2025-09-25_busy,prefix-1MiB+dict-2025,0,1048576,129298,65536
2025-09-25_busy,prefix-1MiB+dict-2025,1,1048576,134746,1114112
2025-09-25_busy,prefix-1MiB+dict-2025,2,1048576,152712,1114112
2025-09-25_busy,prefix-1MiB+dict-2025,3,1048576,124516,1114112
2025-09-25_busy,prefix-1MiB+dict-2025,4,1048576,120942,1114112
2025-09-25_busy,prefix-1MiB+dict-2025,5,1048576,127065,1114112
2025-09-25_busy,prefix-1MiB+dict-2025,6,1048576,127971,1114112
2025-09-25_busy,prefix-1MiB+dict-2025,7,1048576,122444,1114112
2025-09-25_busy,prefix-1MiB+dict-2025,8,1048576,130307,1114112
2025-09-25_busy,prefix-1MiB+dict-2025,9,1048576,132092,1114112
2025-09-25_busy,prefix-1MiB+dict-2025,10,1048576,124701,1114112
2025-09-25_busy,prefix-1MiB+dict-2025,11,1048576,135858,1114112
2025-09-25_busy,prefix-1MiB+dict-2025,12,1048576,145183,1114112
2025-09-25_busy,prefix-1MiB+dict-2025,13,1048576,139435,1114112
2025-09-25_busy,prefix-512KiB+dict-2025,0,1048576,129298,65536
2025-09-25_busy,prefix-512KiB+dict-2025,1,1048576,136612,589824
2025-09-25_busy,prefix-512KiB+dict-2025,2,1048576,156342,589824
2025-09-25_busy,prefix-512KiB+dict-2025,3,1048576,128238,589824
2025-09-25_busy,prefix-512KiB+dict-2025,4,1048576,124112,589824
2025-09-25_busy,prefix-512KiB+dict-2025,5,1048576,130902,589824
2025-09-25_busy,prefix-512KiB+dict-2025,6,1048576,131757,589824
2025-09-25_busy,prefix-512KiB+dict-2025,7,1048576,126012,589824
2025-09-25_busy,prefix-512KiB+dict-2025,8,1048576,133721,589824
2025-09-25_busy,prefix-512KiB+dict-2025,9,1048576,136702,589824
2025-09-25_busy,prefix-512KiB+dict-2025,10,1048576,127521,589824
2025-09-25_busy,prefix-512KiB+dict-2025,11,1048576,139551,589824
2025-09-25_busy,prefix-512KiB+dict-2025,12,1048576,147350,589824
2025-09-25_busy,prefix-512KiB+dict-2025,13,1048576,142137,589824
2026-04-28_quiet,none,0,1048576,278024,0
2026-04-28_quiet,none,1,1048576,252559,0
2026-04-28_quiet,none,2,1048576,256070,0
2026-04-28_quiet,none,3,1048576,248658,0
2026-04-28_quiet,none,4,1048576,268690,0
2026-04-28_quiet,none,5,1048576,272496,0
2026-04-28_quiet,none,6,1048576,262938,0
2026-04-28_quiet,none,7,1048576,267701,0
2026-04-28_quiet,none,8,1048576,248395,0
2026-04-28_quiet,none,9,1048576,226049,0
2026-04-28_quiet,none,10,1048576,230337,0
2026-04-28_quiet,none,11,1048576,228475,0
2026-04-28_quiet,none,12,1048576,244680,0
2026-04-28_quiet,none,13,1048576,170919,0
2026-04-28_quiet,dict-2025,0,1048576,276043,65536
2026-04-28_quiet,dict-2025,1,1048576,250622,65536
2026-04-28_quiet,dict-2025,2,1048576,253410,65536
2026-04-28_quiet,dict-2025,3,1048576,245013,65536
2026-04-28_quiet,dict-2025,4,1048576,266359,65536
2026-04-28_quiet,dict-2025,5,1048576,269893,65536
2026-04-28_quiet,dict-2025,6,1048576,260107,65536
2026-04-28_quiet,dict-2025,7,1048576,265376,65536
2026-04-28_quiet,dict-2025,8,1048576,245326,65536
2026-04-28_quiet,dict-2025,9,1048576,223014,65536
2026-04-28_quiet,dict-2025,10,1048576,227991,65536
2026-04-28_quiet,dict-2025,11,1048576,225122,65536
2026-04-28_quiet,dict-2025,12,1048576,242317,65536
2026-04-28_quiet,dict-2025,13,1048576,167948,65536
2026-04-28_quiet,dict-fresh,0,1048576,273031,65536
2026-04-28_quiet,dict-fresh,1,1048576,245123,65536
2026-04-28_quiet,dict-fresh,2,1048576,249370,65536
2026-04-28_quiet,dict-fresh,3,1048576,241201,65536
2026-04-28_quiet,dict-fresh,4,1048576,262787,65536
2026-04-28_quiet,dict-fresh,5,1048576,266852,65536
2026-04-28_quiet,dict-fresh,6,1048576,256580,65536
2026-04-28_quiet,dict-fresh,7,1048576,260481,65536
2026-04-28_quiet,dict-fresh,8,1048576,240579,65536
2026-04-28_quiet,dict-fresh,9,1048576,218855,65536
2026-04-28_quiet,dict-fresh,10,1048576,223904,65536
2026-04-28_quiet,dict-fresh,11,1048576,221193,65536
2026-04-28_quiet,dict-fresh,12,1048576,238041,65536
2026-04-28_quiet,dict-fresh,13,1048576,164686,65536
2026-04-28_quiet,prefix-2MiB,0,1048576,278024,0
2026-04-28_quiet,prefix-2MiB,1,1048576,232288,1048576
2026-04-28_quiet,prefix-2MiB,2,1048576,232047,2097152
2026-04-28_quiet,prefix-2MiB,3,1048576,225144,2097152
2026-04-28_quiet,prefix-2MiB,4,1048576,246865,2097152
2026-04-28_quiet,prefix-2MiB,5,1048576,248670,2097152
2026-04-28_quiet,prefix-2MiB,6,1048576,238844,2097152
2026-04-28_quiet,prefix-2MiB,7,1048576,243125,2097152
2026-04-28_quiet,prefix-2MiB,8,1048576,212350,2097152
2026-04-28_quiet,prefix-2MiB,9,1048576,198680,2097152
2026-04-28_quiet,prefix-2MiB,10,1048576,206734,2097152
2026-04-28_quiet,prefix-2MiB,11,1048576,200950,2097152
2026-04-28_quiet,prefix-2MiB,12,1048576,220770,2097152
2026-04-28_quiet,prefix-2MiB,13,1048576,148666,2097152
2026-04-28_quiet,prefix-1MiB,0,1048576,278024,0
2026-04-28_quiet,prefix-1MiB,1,1048576,232288,1048576
2026-04-28_quiet,prefix-1MiB,2,1048576,235558,1048576
2026-04-28_quiet,prefix-1MiB,3,1048576,228743,1048576
2026-04-28_quiet,prefix-1MiB,4,1048576,249820,1048576
2026-04-28_quiet,prefix-1MiB,5,1048576,252415,1048576
2026-04-28_quiet,prefix-1MiB,6,1048576,243528,1048576
2026-04-28_quiet,prefix-1MiB,7,1048576,247781,1048576
2026-04-28_quiet,prefix-1MiB,8,1048576,217301,1048576
2026-04-28_quiet,prefix-1MiB,9,1048576,205083,1048576
2026-04-28_quiet,prefix-1MiB,10,1048576,209252,1048576
2026-04-28_quiet,prefix-1MiB,11,1048576,206731,1048576
2026-04-28_quiet,prefix-1MiB,12,1048576,224307,1048576
2026-04-28_quiet,prefix-1MiB,13,1048576,154861,1048576
2026-04-28_quiet,prefix-512KiB,0,1048576,278024,0
2026-04-28_quiet,prefix-512KiB,1,1048576,236376,524288
2026-04-28_quiet,prefix-512KiB,2,1048576,239347,524288
2026-04-28_quiet,prefix-512KiB,3,1048576,232767,524288
2026-04-28_quiet,prefix-512KiB,4,1048576,254558,524288
2026-04-28_quiet,prefix-512KiB,5,1048576,256492,524288
2026-04-28_quiet,prefix-512KiB,6,1048576,247399,524288
2026-04-28_quiet,prefix-512KiB,7,1048576,251862,524288
2026-04-28_quiet,prefix-512KiB,8,1048576,232676,524288
2026-04-28_quiet,prefix-512KiB,9,1048576,209803,524288
2026-04-28_quiet,prefix-512KiB,10,1048576,214226,524288
2026-04-28_quiet,prefix-512KiB,11,1048576,210908,524288
2026-04-28_quiet,prefix-512KiB,12,1048576,228565,524288
2026-04-28_quiet,prefix-512KiB,13,1048576,157365,524288
2026-04-28_quiet,prefix-2MiB+dict-fresh,0,1048576,270174,65536
2026-04-28_quiet,prefix-2MiB+dict-fresh,1,1048576,229552,1114112
2026-04-28_quiet,prefix-2MiB+dict-fresh,2,1048576,231172,2162688
2026-04-28_quiet,prefix-2MiB+dict-fresh,3,1048576,222895,2162688
2026-04-28_quiet,prefix-2MiB+dict-fresh,4,1048576,245317,2162688
2026-04-28_quiet,prefix-2MiB+dict-fresh,5,1048576,247385,2162688
2026-04-28_quiet,prefix-2MiB+dict-fresh,6,1048576,237727,2162688
2026-04-28_quiet,prefix-2MiB+dict-fresh,7,1048576,240739,2162688
2026-04-28_quiet,prefix-2MiB+dict-fresh,8,1048576,211120,2162688
2026-04-28_quiet,prefix-2MiB+dict-fresh,9,1048576,196685,2162688
2026-04-28_quiet,prefix-2MiB+dict-fresh,10,1048576,205408,2162688
2026-04-28_quiet,prefix-2MiB+dict-fresh,11,1048576,199726,2162688
2026-04-28_quiet,prefix-2MiB+dict-fresh,12,1048576,219073,2162688
2026-04-28_quiet,prefix-2MiB+dict-fresh,13,1048576,147467,2162688
2026-04-28_quiet,prefix-1MiB+dict-fresh,0,1048576,270174,65536
2026-04-28_quiet,prefix-1MiB+dict-fresh,1,1048576,229552,1114112
2026-04-28_quiet,prefix-1MiB+dict-fresh,2,1048576,234322,1114112
2026-04-28_quiet,prefix-1MiB+dict-fresh,3,1048576,226155,1114112
2026-04-28_quiet,prefix-1MiB+dict-fresh,4,1048576,248012,1114112
2026-04-28_quiet,prefix-1MiB+dict-fresh,5,1048576,250714,1114112
2026-04-28_quiet,prefix-1MiB+dict-fresh,6,1048576,241480,1114112
2026-04-28_quiet,prefix-1MiB+dict-fresh,7,1048576,245069,1114112
2026-04-28_quiet,prefix-1MiB+dict-fresh,8,1048576,215359,1114112
2026-04-28_quiet,prefix-1MiB+dict-fresh,9,1048576,202210,1114112
2026-04-28_quiet,prefix-1MiB+dict-fresh,10,1048576,207808,1114112
2026-04-28_quiet,prefix-1MiB+dict-fresh,11,1048576,204355,1114112
2026-04-28_quiet,prefix-1MiB+dict-fresh,12,1048576,222251,1114112
2026-04-28_quiet,prefix-1MiB+dict-fresh,13,1048576,153104,1114112
2026-04-28_quiet,prefix-512KiB+dict-fresh,0,1048576,270174,65536
2026-04-28_quiet,prefix-512KiB+dict-fresh,1,1048576,233146,589824
2026-04-28_quiet,prefix-512KiB+dict-fresh,2,1048576,237583,589824
2026-04-28_quiet,prefix-512KiB+dict-fresh,3,1048576,229127,589824
2026-04-28_quiet,prefix-512KiB+dict-fresh,4,1048576,252057,589824
2026-04-28_quiet,prefix-512KiB+dict-fresh,5,1048576,254151,589824
2026-04-28_quiet,prefix-512KiB+dict-fresh,6,1048576,244601,589824
2026-04-28_quiet,prefix-512KiB+dict-fresh,7,1048576,248174,589824
2026-04-28_quiet,prefix-512KiB+dict-fresh,8,1048576,229364,589824
2026-04-28_quiet,prefix-512KiB+dict-fresh,9,1048576,205999,589824
2026-04-28_quiet,prefix-512KiB+dict-fresh,10,1048576,211830,589824
2026-04-28_quiet,prefix-512KiB+dict-fresh,11,1048576,207645,589824
2026-04-28_quiet,prefix-512KiB+dict-fresh,12,1048576,225679,589824
2026-04-28_quiet,prefix-512KiB+dict-fresh,13,1048576,155323,589824
2026-04-28_quiet,prefix-2MiB+dict-2025,0,1048576,273391,65536
2026-04-28_quiet,prefix-2MiB+dict-2025,1,1048576,230904,1114112
2026-04-28_quiet,prefix-2MiB+dict-2025,2,1048576,231211,2162688
2026-04-28_quiet,prefix-2MiB+dict-2025,3,1048576,223802,2162688
2026-04-28_quiet,prefix-2MiB+dict-2025,4,1048576,245887,2162688
2026-04-28_quiet,prefix-2MiB+dict-2025,5,1048576,247670,2162688
2026-04-28_quiet,prefix-2MiB+dict-2025,6,1048576,237803,2162688
2026-04-28_quiet,prefix-2MiB+dict-2025,7,1048576,242185,2162688
2026-04-28_quiet,prefix-2MiB+dict-2025,8,1048576,211539,2162688
2026-04-28_quiet,prefix-2MiB+dict-2025,9,1048576,197735,2162688
2026-04-28_quiet,prefix-2MiB+dict-2025,10,1048576,206415,2162688
2026-04-28_quiet,prefix-2MiB+dict-2025,11,1048576,199975,2162688
2026-04-28_quiet,prefix-2MiB+dict-2025,12,1048576,219705,2162688
2026-04-28_quiet,prefix-2MiB+dict-2025,13,1048576,148160,2162688
2026-04-28_quiet,prefix-1MiB+dict-2025,0,1048576,273391,65536
2026-04-28_quiet,prefix-1MiB+dict-2025,1,1048576,230904,1114112
2026-04-28_quiet,prefix-1MiB+dict-2025,2,1048576,234017,1114112
2026-04-28_quiet,prefix-1MiB+dict-2025,3,1048576,227065,1114112
2026-04-28_quiet,prefix-1MiB+dict-2025,4,1048576,248531,1114112
2026-04-28_quiet,prefix-1MiB+dict-2025,5,1048576,250887,1114112
2026-04-28_quiet,prefix-1MiB+dict-2025,6,1048576,241714,1114112
2026-04-28_quiet,prefix-1MiB+dict-2025,7,1048576,246532,1114112
2026-04-28_quiet,prefix-1MiB+dict-2025,8,1048576,215676,1114112
2026-04-28_quiet,prefix-1MiB+dict-2025,9,1048576,203479,1114112
2026-04-28_quiet,prefix-1MiB+dict-2025,10,1048576,208582,1114112
2026-04-28_quiet,prefix-1MiB+dict-2025,11,1048576,204954,1114112
2026-04-28_quiet,prefix-1MiB+dict-2025,12,1048576,222983,1114112
2026-04-28_quiet,prefix-1MiB+dict-2025,13,1048576,153124,1114112
2026-04-28_quiet,prefix-512KiB+dict-2025,0,1048576,273391,65536
2026-04-28_quiet,prefix-512KiB+dict-2025,1,1048576,234437,589824
2026-04-28_quiet,prefix-512KiB+dict-2025,2,1048576,237383,589824
2026-04-28_quiet,prefix-512KiB+dict-2025,3,1048576,230282,589824
2026-04-28_quiet,prefix-512KiB+dict-2025,4,1048576,252256,589824
2026-04-28_quiet,prefix-512KiB+dict-2025,5,1048576,254347,589824
2026-04-28_quiet,prefix-512KiB+dict-2025,6,1048576,244841,589824
2026-04-28_quiet,prefix-512KiB+dict-2025,7,1048576,249594,589824
2026-04-28_quiet,prefix-512KiB+dict-2025,8,1048576,230236,589824
2026-04-28_quiet,prefix-512KiB+dict-2025,9,1048576,207200,589824
2026-04-28_quiet,prefix-512KiB+dict-2025,10,1048576,212439,589824
2026-04-28_quiet,prefix-512KiB+dict-2025,11,1048576,208661,589824
2026-04-28_quiet,prefix-512KiB+dict-2025,12,1048576,226404,589824
2026-04-28_quiet,prefix-512KiB+dict-2025,13,1048576,155442,589824
2026-07-28_recent,none,0,1048576,262307,0
2026-07-28_recent,none,1,1048576,257736,0
2026-07-28_recent,none,2,1048576,296102,0
2026-07-28_recent,none,3,1048576,286021,0
2026-07-28_recent,none,4,1048576,247983,0
2026-07-28_recent,none,5,1048576,292229,0
2026-07-28_recent,none,6,1048576,205752,0
2026-07-28_recent,none,7,1048576,214560,0
2026-07-28_recent,none,8,1048576,223700,0
2026-07-28_recent,none,9,1048576,261904,0
2026-07-28_recent,none,10,1048576,247199,0
2026-07-28_recent,none,11,1048576,238763,0
2026-07-28_recent,none,12,1048576,231058,0
2026-07-28_recent,none,13,1048576,243779,0
2026-07-28_recent,dict-2025,0,1048576,259670,65536
2026-07-28_recent,dict-2025,1,1048576,255425,65536
2026-07-28_recent,dict-2025,2,1048576,294071,65536
2026-07-28_recent,dict-2025,3,1048576,284143,65536
2026-07-28_recent,dict-2025,4,1048576,244950,65536
2026-07-28_recent,dict-2025,5,1048576,289478,65536
2026-07-28_recent,dict-2025,6,1048576,203763,65536
2026-07-28_recent,dict-2025,7,1048576,212591,65536
2026-07-28_recent,dict-2025,8,1048576,221500,65536
2026-07-28_recent,dict-2025,9,1048576,259844,65536
2026-07-28_recent,dict-2025,10,1048576,244370,65536
2026-07-28_recent,dict-2025,11,1048576,235742,65536
2026-07-28_recent,dict-2025,12,1048576,228949,65536
2026-07-28_recent,dict-2025,13,1048576,240938,65536
2026-07-28_recent,dict-fresh,0,1048576,254505,65536
2026-07-28_recent,dict-fresh,1,1048576,250435,65536
2026-07-28_recent,dict-fresh,2,1048576,288626,65536
2026-07-28_recent,dict-fresh,3,1048576,278905,65536
2026-07-28_recent,dict-fresh,4,1048576,240968,65536
2026-07-28_recent,dict-fresh,5,1048576,284310,65536
2026-07-28_recent,dict-fresh,6,1048576,198004,65536
2026-07-28_recent,dict-fresh,7,1048576,208000,65536
2026-07-28_recent,dict-fresh,8,1048576,215398,65536
2026-07-28_recent,dict-fresh,9,1048576,254476,65536
2026-07-28_recent,dict-fresh,10,1048576,239304,65536
2026-07-28_recent,dict-fresh,11,1048576,230210,65536
2026-07-28_recent,dict-fresh,12,1048576,223534,65536
2026-07-28_recent,dict-fresh,13,1048576,235718,65536
2026-07-28_recent,prefix-2MiB,0,1048576,262307,0
2026-07-28_recent,prefix-2MiB,1,1048576,242361,1048576
2026-07-28_recent,prefix-2MiB,2,1048576,279027,2097152
2026-07-28_recent,prefix-2MiB,3,1048576,269648,2097152
2026-07-28_recent,prefix-2MiB,4,1048576,231882,2097152
2026-07-28_recent,prefix-2MiB,5,1048576,271402,2097152
2026-07-28_recent,prefix-2MiB,6,1048576,187383,2097152
2026-07-28_recent,prefix-2MiB,7,1048576,197778,2097152
2026-07-28_recent,prefix-2MiB,8,1048576,206245,2097152
2026-07-28_recent,prefix-2MiB,9,1048576,245063,2097152
2026-07-28_recent,prefix-2MiB,10,1048576,225223,2097152
2026-07-28_recent,prefix-2MiB,11,1048576,216713,2097152
2026-07-28_recent,prefix-2MiB,12,1048576,206091,2097152
2026-07-28_recent,prefix-2MiB,13,1048576,222651,2097152
2026-07-28_recent,prefix-1MiB,0,1048576,262307,0
2026-07-28_recent,prefix-1MiB,1,1048576,242361,1048576
2026-07-28_recent,prefix-1MiB,2,1048576,281825,1048576
2026-07-28_recent,prefix-1MiB,3,1048576,271972,1048576
2026-07-28_recent,prefix-1MiB,4,1048576,234136,1048576
2026-07-28_recent,prefix-1MiB,5,1048576,277476,1048576
2026-07-28_recent,prefix-1MiB,6,1048576,190805,1048576
2026-07-28_recent,prefix-1MiB,7,1048576,200630,1048576
2026-07-28_recent,prefix-1MiB,8,1048576,209233,1048576
2026-07-28_recent,prefix-1MiB,9,1048576,247437,1048576
2026-07-28_recent,prefix-1MiB,10,1048576,229358,1048576
2026-07-28_recent,prefix-1MiB,11,1048576,219741,1048576
2026-07-28_recent,prefix-1MiB,12,1048576,212916,1048576
2026-07-28_recent,prefix-1MiB,13,1048576,226548,1048576
2026-07-28_recent,prefix-512KiB,0,1048576,262307,0
2026-07-28_recent,prefix-512KiB,1,1048576,246028,524288
2026-07-28_recent,prefix-512KiB,2,1048576,284921,524288
2026-07-28_recent,prefix-512KiB,3,1048576,275032,524288
2026-07-28_recent,prefix-512KiB,4,1048576,236311,524288
2026-07-28_recent,prefix-512KiB,5,1048576,280318,524288
2026-07-28_recent,prefix-512KiB,6,1048576,194305,524288
2026-07-28_recent,prefix-512KiB,7,1048576,204210,524288
2026-07-28_recent,prefix-512KiB,8,1048576,212682,524288
2026-07-28_recent,prefix-512KiB,9,1048576,250013,524288
2026-07-28_recent,prefix-512KiB,10,1048576,233613,524288
2026-07-28_recent,prefix-512KiB,11,1048576,225057,524288
2026-07-28_recent,prefix-512KiB,12,1048576,215923,524288
2026-07-28_recent,prefix-512KiB,13,1048576,229778,524288
2026-07-28_recent,prefix-2MiB+dict-fresh,0,1048576,252612,65536
2026-07-28_recent,prefix-2MiB+dict-fresh,1,1048576,240256,1114112
2026-07-28_recent,prefix-2MiB+dict-fresh,2,1048576,277577,2162688
2026-07-28_recent,prefix-2MiB+dict-fresh,3,1048576,267983,2162688
2026-07-28_recent,prefix-2MiB+dict-fresh,4,1048576,230872,2162688
2026-07-28_recent,prefix-2MiB+dict-fresh,5,1048576,269375,2162688
2026-07-28_recent,prefix-2MiB+dict-fresh,6,1048576,185879,2162688
2026-07-28_recent,prefix-2MiB+dict-fresh,7,1048576,197103,2162688
2026-07-28_recent,prefix-2MiB+dict-fresh,8,1048576,204434,2162688
2026-07-28_recent,prefix-2MiB+dict-fresh,9,1048576,243372,2162688
2026-07-28_recent,prefix-2MiB+dict-fresh,10,1048576,223251,2162688
2026-07-28_recent,prefix-2MiB+dict-fresh,11,1048576,214575,2162688
2026-07-28_recent,prefix-2MiB+dict-fresh,12,1048576,204996,2162688
2026-07-28_recent,prefix-2MiB+dict-fresh,13,1048576,220890,2162688
2026-07-28_recent,prefix-1MiB+dict-fresh,0,1048576,252612,65536
2026-07-28_recent,prefix-1MiB+dict-fresh,1,1048576,240256,1114112
2026-07-28_recent,prefix-1MiB+dict-fresh,2,1048576,279725,1114112
2026-07-28_recent,prefix-1MiB+dict-fresh,3,1048576,269735,1114112
2026-07-28_recent,prefix-1MiB+dict-fresh,4,1048576,232478,1114112
2026-07-28_recent,prefix-1MiB+dict-fresh,5,1048576,274833,1114112
2026-07-28_recent,prefix-1MiB+dict-fresh,6,1048576,188521,1114112
2026-07-28_recent,prefix-1MiB+dict-fresh,7,1048576,199273,1114112
2026-07-28_recent,prefix-1MiB+dict-fresh,8,1048576,206641,1114112
2026-07-28_recent,prefix-1MiB+dict-fresh,9,1048576,245346,1114112
2026-07-28_recent,prefix-1MiB+dict-fresh,10,1048576,226979,1114112
2026-07-28_recent,prefix-1MiB+dict-fresh,11,1048576,217060,1114112
2026-07-28_recent,prefix-1MiB+dict-fresh,12,1048576,211101,1114112
2026-07-28_recent,prefix-1MiB+dict-fresh,13,1048576,224162,1114112
2026-07-28_recent,prefix-512KiB+dict-fresh,0,1048576,252612,65536
2026-07-28_recent,prefix-512KiB+dict-fresh,1,1048576,242618,589824
2026-07-28_recent,prefix-512KiB+dict-fresh,2,1048576,281863,589824
2026-07-28_recent,prefix-512KiB+dict-fresh,3,1048576,271852,589824
2026-07-28_recent,prefix-512KiB+dict-fresh,4,1048576,234186,589824
2026-07-28_recent,prefix-512KiB+dict-fresh,5,1048576,277131,589824
2026-07-28_recent,prefix-512KiB+dict-fresh,6,1048576,190801,589824
2026-07-28_recent,prefix-512KiB+dict-fresh,7,1048576,201483,589824
2026-07-28_recent,prefix-512KiB+dict-fresh,8,1048576,208662,589824
2026-07-28_recent,prefix-512KiB+dict-fresh,9,1048576,247345,589824
2026-07-28_recent,prefix-512KiB+dict-fresh,10,1048576,230613,589824
2026-07-28_recent,prefix-512KiB+dict-fresh,11,1048576,220987,589824
2026-07-28_recent,prefix-512KiB+dict-fresh,12,1048576,213539,589824
2026-07-28_recent,prefix-512KiB+dict-fresh,13,1048576,226568,589824
2026-07-28_recent,prefix-2MiB+dict-2025,0,1048576,257818,65536
2026-07-28_recent,prefix-2MiB+dict-2025,1,1048576,241039,1114112
2026-07-28_recent,prefix-2MiB+dict-2025,2,1048576,278506,2162688
2026-07-28_recent,prefix-2MiB+dict-2025,3,1048576,269064,2162688
2026-07-28_recent,prefix-2MiB+dict-2025,4,1048576,230599,2162688
2026-07-28_recent,prefix-2MiB+dict-2025,5,1048576,270547,2162688
2026-07-28_recent,prefix-2MiB+dict-2025,6,1048576,187181,2162688
2026-07-28_recent,prefix-2MiB+dict-2025,7,1048576,197586,2162688
2026-07-28_recent,prefix-2MiB+dict-2025,8,1048576,205872,2162688
2026-07-28_recent,prefix-2MiB+dict-2025,9,1048576,244174,2162688
2026-07-28_recent,prefix-2MiB+dict-2025,10,1048576,223872,2162688
2026-07-28_recent,prefix-2MiB+dict-2025,11,1048576,215818,2162688
2026-07-28_recent,prefix-2MiB+dict-2025,12,1048576,205997,2162688
2026-07-28_recent,prefix-2MiB+dict-2025,13,1048576,221830,2162688
2026-07-28_recent,prefix-1MiB+dict-2025,0,1048576,257818,65536
2026-07-28_recent,prefix-1MiB+dict-2025,1,1048576,241039,1114112
2026-07-28_recent,prefix-1MiB+dict-2025,2,1048576,280859,1114112
2026-07-28_recent,prefix-1MiB+dict-2025,3,1048576,270867,1114112
2026-07-28_recent,prefix-1MiB+dict-2025,4,1048576,232350,1114112
2026-07-28_recent,prefix-1MiB+dict-2025,5,1048576,276025,1114112
2026-07-28_recent,prefix-1MiB+dict-2025,6,1048576,189965,1114112
2026-07-28_recent,prefix-1MiB+dict-2025,7,1048576,199832,1114112
2026-07-28_recent,prefix-1MiB+dict-2025,8,1048576,208269,1114112
2026-07-28_recent,prefix-1MiB+dict-2025,9,1048576,246159,1114112
2026-07-28_recent,prefix-1MiB+dict-2025,10,1048576,227714,1114112
2026-07-28_recent,prefix-1MiB+dict-2025,11,1048576,218366,1114112
2026-07-28_recent,prefix-1MiB+dict-2025,12,1048576,212602,1114112
2026-07-28_recent,prefix-1MiB+dict-2025,13,1048576,225134,1114112
2026-07-28_recent,prefix-512KiB+dict-2025,0,1048576,257818,65536
2026-07-28_recent,prefix-512KiB+dict-2025,1,1048576,243803,589824
2026-07-28_recent,prefix-512KiB+dict-2025,2,1048576,283359,589824
2026-07-28_recent,prefix-512KiB+dict-2025,3,1048576,273383,589824
2026-07-28_recent,prefix-512KiB+dict-2025,4,1048576,234087,589824
2026-07-28_recent,prefix-512KiB+dict-2025,5,1048576,278406,589824
2026-07-28_recent,prefix-512KiB+dict-2025,6,1048576,192758,589824
2026-07-28_recent,prefix-512KiB+dict-2025,7,1048576,202879,589824
2026-07-28_recent,prefix-512KiB+dict-2025,8,1048576,211146,589824
2026-07-28_recent,prefix-512KiB+dict-2025,9,1048576,248498,589824
2026-07-28_recent,prefix-512KiB+dict-2025,10,1048576,231411,589824
2026-07-28_recent,prefix-512KiB+dict-2025,11,1048576,222353,589824
2026-07-28_recent,prefix-512KiB+dict-2025,12,1048576,215201,589824
2026-07-28_recent,prefix-512KiB+dict-2025,13,1048576,227849,589824
