case,name,total_cycles,verifier_cycles,transcript_cycles,vanishing_cycles,logderivativesum_cycles,poseidon2_compressions,module_count,dynamic_module_count,round_count,expression_count,bucket_count,vanishing_count,total_witness_claims,total_quotient_claims
0,BooleanColumn,169135,165827,159358,6375,53,5,1,0,3,5,1,1,1,1
1,Fibonacci,268500,262830,254149,8587,53,8,1,0,3,5,1,1,3,1
2,GeometricProgression,267737,262438,254173,8171,53,8,1,0,3,5,1,1,2,1
3,ConditionalCounter,299738,293622,285892,7636,53,9,1,0,3,5,1,1,3,1
4,PythagoreanTriplet,333311,326745,317619,9017,68,10,1,0,3,8,1,1,3,1
5,DynamicFibonacci,269017,263293,254149,9050,53,8,1,1,3,5,1,1,3,1
6,ConstantColumn,168546,165238,159330,5814,53,5,1,0,3,3,1,1,1,1
7,ForwardShiftConstant,267106,261807,254225,7488,53,8,1,0,3,3,1,1,2,1
8,BooleanCube,269614,264277,254475,9708,53,8,1,0,3,7,1,1,1,2
9,LinearCombination,203109,198422,191049,7279,53,6,1,0,3,9,1,1,3,1
10,LargeFibonacci,494381,485479,476006,9364,68,15,1,0,3,5,1,1,3,1
11,MultipleVanishingsSameRatio,171492,167499,159168,8237,53,5,1,0,3,6,1,2,2,1
12,MixedRatioVanishings,172847,169164,159322,9748,53,5,1,0,3,8,1,2,2,1
13,MultiModule,465936,458296,445273,12914,68,14,2,0,3,8,2,2,2,2
14,ManualCancellation,170005,166322,159314,6914,53,5,1,0,3,5,1,1,2,1
15,PrecomputedSelector,169595,165912,159374,6444,53,5,1,0,3,5,1,1,2,1
16,CellLeaf,168976,165371,159443,5834,53,5,1,0,3,3,1,1,1,1
17,CoinScaled,202312,198509,191092,7323,53,6,1,0,4,5,1,1,2,1
18,ThreeStepRecurrence,269487,263817,254185,9538,53,8,1,0,3,5,1,1,3,1
19,Quartic,467717,458325,444581,13635,68,14,1,0,3,9,1,1,1,4
20,LeftPadDynamic,267485,262132,254181,7857,53,8,1,1,3,3,1,1,2,1
21,CubicWithBackShift,464759,455952,444407,11436,68,14,1,0,3,7,1,1,2,2
22,MixedHighRatio,1249200,1226738,1205139,21490,68,38,1,0,3,16,2,2,1,6
23,MultiModuleHighRatio,763990,750794,730540,20145,68,23,2,0,3,14,2,2,2,4
24,SizeThirtyTwoCubic,1719293,1692284,1680136,12039,68,53,1,0,3,7,1,1,1,2
25,LargeForwardShift,269012,263713,254229,9390,53,8,1,0,3,3,1,1,2,1
26,BackAndForwardShift,269253,263583,254217,9272,53,8,1,0,3,7,1,1,3,1
27,DynamicQuadratic,266779,261801,254197,7510,53,8,1,1,3,5,1,1,1,1
28,QuarticWithBackShift,856638,840816,824727,15980,68,26,1,0,3,11,1,1,2,4
29,SingleColumnFirstRowZero,170969,167661,159362,8205,53,5,1,0,3,3,1,1,1,1
30,SingleColumnLastRowZero,170999,167691,159390,8207,53,5,1,0,3,3,1,1,1,1
31,ShiftedColumnFirstRowZero,170931,167623,159322,8207,53,5,1,0,3,3,1,1,1,1
32,TwoColumnsEqualAtFirstRow,171599,167606,159156,8356,53,5,1,0,3,5,1,1,2,1
33,MultipleConstraintsSameModule,176052,172744,159322,13328,53,5,1,0,3,6,1,2,1,1
34,SecondRowConstraint,171157,167849,159342,8413,53,5,1,0,3,5,1,1,1,1
35,CellEquality,171560,167956,159431,8431,53,5,1,0,3,5,1,1,1,1
36,CoinScaled,203558,200131,191012,9025,53,6,1,0,4,7,1,1,1,1
37,MultipleAnchorsSharedColumn,181717,178405,159302,19009,53,5,1,0,3,15,1,3,1,1
38,ConstantSubtraction,171199,167891,159386,8411,53,5,1,0,3,5,1,1,1,1
39,WrapAroundShift,170959,167651,159350,8207,53,5,1,0,3,3,1,1,1,1
40,ProductIsZero,271913,265890,254257,11539,53,8,1,0,3,5,1,1,2,2
41,CellAndCoin,235884,231963,222764,9105,53,7,1,0,4,7,1,1,1,1
42,ThreeColumnLinear,204387,199700,191097,8509,53,6,1,0,3,7,1,1,3,1
43,MultiAnchorMultiColumn,176754,172761,159188,13479,53,5,1,0,3,8,1,2,2,1
44,CubeAtFirstRow,469752,460361,444637,15615,68,14,1,0,3,9,1,1,1,4
45,MultiModule,341179,335156,318387,16660,68,10,2,0,3,6,2,2,2,2
46,DynamicFirstRowZero,268569,263591,254141,9356,53,8,1,1,3,3,1,1,1,1
47,DynamicShifted,268677,263699,254157,9448,53,8,1,1,3,3,1,1,1,1
48,DynamicProductIsZero,498222,488912,476114,12689,68,15,1,1,3,5,1,1,2,2
49,SingleFractionAllOnes,311965,305255,286123,18717,374,9,1,0,4,19,1,3,3,1
50,PartialFilter,543465,531937,508190,23317,389,16,1,0,4,23,2,3,4,3
51,AllZeroFilter,543453,531925,508178,23317,389,16,1,0,4,23,2,3,4,3
52,FilterMasksZeroDenominator,543974,531689,508052,23207,389,16,1,0,4,23,2,3,5,3
53,Packing4Fractions,931781,911881,857603,53554,683,27,1,0,4,78,2,6,8,5
54,MultiModuleBucketing,856328,839216,795557,42935,683,25,2,0,4,42,3,6,7,4
55,SizeOneModule,145423,141465,128154,12896,374,4,1,0,4,12,1,2,2,1
56,ConditionalLookupShape,860729,841968,795689,45555,683,25,2,0,4,52,4,6,8,6
57,ManyFractions,1123211,1098254,1016259,80975,979,32,1,0,4,137,2,9,13,5
58,SizeTwoModule,214635,209511,191320,17776,374,6,1,0,4,19,1,3,3,1
59,MultipleQueries,491165,480530,444819,34967,703,14,1,0,4,38,1,6,6,1
60,VectorDenominator,542025,530497,508118,21949,389,16,1,0,4,19,2,3,4,3
61,AllFiltersOnesPacked,986653,965489,920481,44578,389,29,1,0,4,71,3,3,6,7
62,SingleColumnNoFilters,1085375,1064066,1017897,45443,685,32,2,0,5,48,4,6,7,6
63,FilterOnIncluded,861234,842338,796488,45124,685,25,2,0,5,52,4,6,8,6
64,FilterOnIncluding,1121360,1099293,1049944,48623,685,33,2,0,5,64,4,6,8,6
65,DoubleConditional,1155281,1132456,1081849,49881,685,34,2,0,5,68,4,6,9,6
66,MultiColumn,1153889,1131064,1081825,48513,685,34,2,0,5,64,4,6,9,6
67,SharedTable,1368749,1340889,1272918,66951,979,40,3,0,5,71,6,9,10,9
68,DistinctTables,1490325,1458319,1368906,88099,1273,43,4,0,5,96,8,12,14,12
69,MultiColumnFilterOnIncluding,1157617,1134033,1081615,51692,685,34,2,0,5,80,4,6,10,6
70,RepeatedValueInTable,1085275,1063966,1017797,45443,685,32,2,0,5,48,4,6,7,6
71,ShiftedAColumn,1086396,1065090,1018009,46355,685,32,2,0,5,48,4,6,7,6
72,ShiftedBColumn,1085673,1063994,1017825,45443,685,32,2,0,5,48,4,6,8,6
73,MultipleAFragments,1368881,1341021,1273050,66951,979,40,3,0,5,71,6,9,10,9
74,WidthThree,933119,912051,860624,50701,685,27,2,0,5,80,4,6,11,6
75,SizeOne,429318,418101,384499,32876,685,12,2,0,5,29,4,4,5,6
76,PrecomputedTable,1052946,1032025,985856,45443,685,31,2,0,5,48,4,6,7,6
77,RepeatedSValues,1085335,1064026,1017857,45443,685,32,2,0,5,48,4,6,7,6
78,EmptySelected,1087148,1065083,1017655,46702,685,32,2,0,5,52,4,6,8,6
79,Basic,1859041,1825862,1778139,46997,685,56,2,0,5,48,4,6,7,6
80,SharedBound,1486312,1456512,1398265,57521,685,44,2,0,5,76,5,6,8,10
81,DistinctBounds,2414048,2368124,2286502,80602,979,72,3,0,5,101,7,9,12,13
82,BoundIsPowerOfTwo,2276404,2237100,2190176,46198,685,69,2,0,5,48,4,6,7,6
83,BoundIsOne,756723,740770,700973,39071,685,22,2,0,5,38,4,5,6,6
84,MultiModule,1593952,1563405,1494255,68130,979,47,3,0,5,71,6,9,10,9
85,LargeBound,13928073,13711051,13661004,49306,700,431,2,0,5,48,4,6,7,6
86,NonPowerOfTwoBound,1471163,1444116,1397973,45417,685,44,2,0,5,48,4,6,7,6
87,AllZeros,1471247,1444200,1398057,45417,685,44,2,0,5,48,4,6,7,6
88,LagrangeSelectorBoundary,171153,167845,159338,8413,53,5,1,0,3,5,1,1,1,1
89,DynamicLagrangeSelectorBoundary,171803,168441,159338,9009,53,5,1,1,3,5,1,1,1,1
90,MultiColumnBench,243183132,239553105,239481502,70847,715,7559,2,0,5,112,4,6,15,6
