rate,phase,rows,columns,threads,prover_ray_median_ns,plonky3_native_median_ns,plonky3_over_prover_ray
2,commit,1048576,16,96,77934134,69042380,0.8859
2,commit,65536,256,96,17086127,25332512,1.4827
2,commit,4096,4096,96,17863010,19140669,1.0715
4,commit,1048576,16,96,105080486,115242547,1.0967
4,commit,65536,256,96,27001464,41212069,1.5263
4,commit,4096,4096,96,30049155,30420940,1.0124
4,merkle,1048576,16,96,84653756,72333591,0.8545
4,merkle,65536,256,96,16792798,14050419,0.8367
4,merkle,4096,4096,96,10976768,7266396,0.6620
